,codigo_universidad,nombre_universidad,anio,cod_capitulo,des_capitulo,cod_articulo,des_articulo,cod_concepto,des_concepto,cod_subconcepto,des_subconcepto,cod_partida,des_partida,cod_seccion,des_seccion,cod_servicio,des_servicio,cod_unidad_de_coste,des_unidad_de_coste,cod_organica_libre_1,des_organica_libre_1,cod_organica_libre_2,des_organica_libre_2,fecha_referencia,credito_inicial,modificaciones,credito_total,derechos_reconocidos_netos,recaudacion_neta
0,UPM,Universidad Politecnica de Madrid,2021,UPM-3,"Capítulo 3 TASAS, PRECIOS PÚBLICOS Y OTROS INGRESOS",UPM-32,Otros ingresos por prestación de servicios,UPM-329,Otros ingresos procedentes prestaciones de ser...,UPM-329.00,Cánones art. 83 LOU,None,None,UPM-3,ETS de Arquitectura,None,None,None,None,None,None,None,None,20210620,"160.000,00",None,None,None,None
1,UPM,Universidad Politecnica de Madrid,2021,UPM-3,"Capítulo 3 TASAS, PRECIOS PÚBLICOS Y OTROS INGRESOS",UPM-32,Otros ingresos por prestación de servicios,UPM-329,Otros ingresos procedentes prestaciones de ser...,UPM-329.05,Prestación de servicios en Centros,None,None,UPM-3,ETS de Arquitectura,None,None,None,None,None,None,None,None,20210620,"55.465,00",None,None,None,None
2,UPM,Universidad Politecnica de Madrid,2021,UPM-3,"Capítulo 3 TASAS, PRECIOS PÚBLICOS Y OTROS INGRESOS",UPM-32,Otros ingresos por prestación de servicios,UPM-329,Otros ingresos procedentes prestaciones de ser...,UPM-329.99,Otros ingresos derivados de prestación de servicios,None,None,UPM-3,ETS de Arquitectura,None,None,None,None,None,None,None,None,20210620,"20.000,00",None,None,None,None
3,UPM,Universidad Politecnica de Madrid,2021,UPM-3,"Capítulo 3 TASAS, PRECIOS PÚBLICOS Y OTROS INGRESOS",UPM-39,Otros ingresos,UPM-391,Ingresos por indemnizaciones,UPM-391.00,Indemnizaciones de seguros,None,None,UPM-3,ETS de Arquitectura,None,None,None,None,None,None,None,None,20210620,"6.005,00",None,None,None,None
4,UPM,Universidad Politecnica de Madrid,2021,UPM-3,"Capítulo 3 TASAS, PRECIOS PÚBLICOS Y OTROS INGRESOS",UPM-32,Otros ingresos por prestación de servicios,UPM-329,Otros ingresos procedentes prestaciones de ser...,UPM-329.00,Cánones art. 83 LOU,None,None,UPM-03,ETS de Arquitectura,UPM-03.X5,Matemática Aplicada,None,None,None,None,None,None,20210620,0,None,None,None,None
5,UPM,Universidad Politecnica de Madrid,2021,UPM-3,"Capítulo 3 TASAS, PRECIOS PÚBLICOS Y OTROS INGRESOS",UPM-32,Otros ingresos por prestación de servicios,UPM-329,Otros ingresos procedentes prestaciones de ser...,UPM-329.00,Cánones art. 83 LOU,None,None,UPM-03,ETS de Arquitectura,UPM-03.X6,Proyectos Arquitectónicos,None,None,None,None,None,None,20210620,"7.000,00",None,None,None,None
6,UPM,Universidad Politecnica de Madrid,2021,UPM-3,"Capítulo 3 TASAS, PRECIOS PÚBLICOS Y OTROS INGRESOS",UPM-32,Otros ingresos por prestación de servicios,UPM-329,Otros ingresos procedentes prestaciones de ser...,UPM-329.00,Cánones art. 83 LOU,None,None,UPM-4,"ETSI de Caminos, Canales y Puertos",None,None,None,None,None,None,None,None,20210620,"200.000,00",None,None,None,None
7,UPM,Universidad Politecnica de Madrid,2021,UPM-3,"Capítulo 3 TASAS, PRECIOS PÚBLICOS Y OTROS INGRESOS",UPM-32,Otros ingresos por prestación de servicios,UPM-329,Otros ingresos procedentes prestaciones de ser...,UPM-329.05,Prestación de servicios en Centros,None,None,UPM-4,"ETSI de Caminos, Canales y Puertos",None,None,None,None,None,None,None,None,20210620,"50.000,00",None,None,None,None
8,UPM,Universidad Politecnica de Madrid,2021,UPM-5,Capítulo 5 INGRESOS PATRIMONIALES,UPM-55,Productos de concesiones y aprov. Especiales,UPM-550,Producto de concesiones administrativas,UPM-550.00,Cesiones de locales,None,None,UPM-4,"ETSI de Caminos, Canales y Puertos",None,None,None,None,None,None,None,None,20210620,"130.000,00",None,None,None,None
9,UPM,Universidad Politecnica de Madrid,2021,UPM-5,Capítulo 5 INGRESOS PATRIMONIALES,UPM-55,Productos de concesiones y aprov. Especiales,UPM-550,Producto de concesiones administrativas,UPM-550.02,Cesiones de taquillas y azoteas y otras concesiones,None,None,UPM-4,"ETSI de Caminos, Canales y Puertos",None,None,None,None,None,None,None,None,20210620,"125.000,00",None,None,None,None
10,UPM,Universidad Politecnica de Madrid,2021,UPM-5,Capítulo 5 INGRESOS PATRIMONIALES,UPM-52,Intereses de depósitos,UPM-520,Intereses de cuentas bancarias,UPM-520.00,Intereses de cuentas corrientes,None,None,UPM-04,ETS de Arquitectura,UPM-04LG,"Legados - ETSI Caminos, Canales y Puertos",None,None,None,None,None,None,20210620,"3.000,00",None,None,None,None
11,UPM,Universidad Politecnica de Madrid,2021,UPM-5,Capítulo 5 INGRESOS PATRIMONIALES,UPM-53,Dividendos  y participación en beneficios,UPM-530,Dividendos procedentes de diversos legados,None,None,None,None,UPM-04,ETS de Arquitectura,UPM-04LG,"Legados - ETSI Caminos, Canales y Puertos",None,None,None,None,None,None,20210620,"3.000,00",None,None,None,None
12,UPM,Universidad Politecnica de Madrid,2021,UPM-8,Capítulo 8 ACTIVOS FINANCIEROS,UPM-86,Enajenación acciones y participaciones fuera d...,UPM-860,Enajen. accion. y partic. fuera Sector Público,UPM-860.00,Enajen. Accion.y part. fuera  Sector Públ. largo plazo,None,None,UPM-04,ETS de Arquitectura,UPM-04LG,"Legados - ETSI Caminos, Canales y Puertos",None,None,None,None,None,None,20210620,0,None,None,None,None
13,UPM,Universidad Politecnica de Madrid,2021,UPM-3,"Capítulo 3 TASAS, PRECIOS PÚBLICOS Y OTROS INGRESOS",UPM-32,Otros ingresos por prestación de servicios,UPM-329,Otros ingresos procedentes prestaciones de ser...,UPM-329.00,Cánones art. 83 LOU,None,None,UPM-04,ETS de Arquitectura,UPM-04.X4,Ingeniería Civil: Transporte y Territorio,None,None,None,None,None,None,20210620,0,None,None,None,None
14,UPM,Universidad Politecnica de Madrid,2021,UPM-3,"Capítulo 3 TASAS, PRECIOS PÚBLICOS Y OTROS INGRESOS",UPM-32,Otros ingresos por prestación de servicios,UPM-329,Otros ingresos procedentes prestaciones de ser...,UPM-329.00,Cánones art. 83 LOU,None,None,UPM-04,ETS de Arquitectura,UPM-04.X6,Matemática e Informática aplicadas a las Ingenierías Civil y Naval,None,None,None,None,None,None,20210620,0,None,None,None,None
15,UPM,Universidad Politecnica de Madrid,2021,UPM-3,"Capítulo 3 TASAS, PRECIOS PÚBLICOS Y OTROS INGRESOS",UPM-32,Otros ingresos por prestación de servicios,UPM-329,Otros ingresos procedentes prestaciones de ser...,UPM-329.00,Cánones art. 83 LOU,None,None,UPM-5,ETSI Industriales,None,None,None,None,None,None,None,None,20210620,"180.000,00",None,None,None,None
16,UPM,Universidad Politecnica de Madrid,2021,UPM-3,"Capítulo 3 TASAS, PRECIOS PÚBLICOS Y OTROS INGRESOS",UPM-32,Otros ingresos por prestación de servicios,UPM-329,Otros ingresos procedentes prestaciones de ser...,UPM-329.03,Actividades deportivas,None,None,UPM-5,ETSI Industriales,None,None,None,None,None,None,None,None,20210620,"3.000,00",None,None,None,None
17,UPM,Universidad Politecnica de Madrid,2021,UPM-3,"Capítulo 3 TASAS, PRECIOS PÚBLICOS Y OTROS INGRESOS",UPM-32,Otros ingresos por prestación de servicios,UPM-329,Otros ingresos procedentes prestaciones de ser...,UPM-329.05,Prestación de servicios en Centros,None,None,UPM-5,ETSI Industriales,None,None,None,None,None,None,None,None,20210620,"50.000,00",None,None,None,None
18,UPM,Universidad Politecnica de Madrid,2021,UPM-3,"Capítulo 3 TASAS, PRECIOS PÚBLICOS Y OTROS INGRESOS",UPM-39,Otros ingresos,UPM-391,Ingresos por indemnizaciones,UPM-391.00,Indemnizaciones de seguros,None,None,UPM-5,ETSI Industriales,None,None,None,None,None,None,None,None,20210620,"20.000,00",None,None,None,None
19,UPM,Universidad Politecnica de Madrid,2021,UPM-5,Capítulo 5 INGRESOS PATRIMONIALES,UPM-55,Productos de concesiones y aprov. Especiales,UPM-550,Producto de concesiones administrativas,UPM-550.00,Cesiones de locales,None,None,UPM-5,ETSI Industriales,None,None,None,None,None,None,None,None,20210620,"50.000,00",None,None,None,None
20,UPM,Universidad Politecnica de Madrid,2021,UPM-3,"Capítulo 3 TASAS, PRECIOS PÚBLICOS Y OTROS INGRESOS",UPM-32,Otros ingresos por prestación de servicios,UPM-329,Otros ingresos procedentes prestaciones de ser...,UPM-329.00,Cánones art. 83 LOU,None,None,UPM-05,ETS de Arquitectura,UPM-05.X6,Ingeniería Química Industrial y del Medio Ambiente,None,None,None,None,None,None,20210620,0,None,None,None,None
21,UPM,Universidad Politecnica de Madrid,2021,UPM-3,"Capítulo 3 TASAS, PRECIOS PÚBLICOS Y OTROS INGRESOS",UPM-32,Otros ingresos por prestación de servicios,UPM-329,Otros ingresos procedentes prestaciones de ser...,UPM-329.00,Cánones art. 83 LOU,None,None,UPM-6,ETSI de Minas y Energía,None,None,None,None,None,None,None,None,20210620,"250.000,00",None,None,None,None
22,UPM,Universidad Politecnica de Madrid,2021,UPM-3,"Capítulo 3 TASAS, PRECIOS PÚBLICOS Y OTROS INGRESOS",UPM-32,Otros ingresos por prestación de servicios,UPM-329,Otros ingresos procedentes prestaciones de ser...,UPM-329.05,Prestación de servicios en Centros,None,None,UPM-6,ETSI de Minas y Energía,None,None,None,None,None,None,None,None,20210620,"26.000,00",None,None,None,None
23,UPM,Universidad Politecnica de Madrid,2021,UPM-3,"Capítulo 3 TASAS, PRECIOS PÚBLICOS Y OTROS INGRESOS",UPM-39,Otros ingresos,UPM-391,Ingresos por indemnizaciones,UPM-391.00,Indemnizaciones de seguros,None,None,UPM-6,ETSI de Minas y Energía,None,None,None,None,None,None,None,None,20210620,"5.000,00",None,None,None,None
24,UPM,Universidad Politecnica de Madrid,2021,UPM-5,Capítulo 5 INGRESOS PATRIMONIALES,UPM-55,Productos de concesiones y aprov. Especiales,UPM-550,Producto de concesiones administrativas,UPM-550.00,Cesiones de locales,None,None,UPM-6,ETSI de Minas y Energía,None,None,None,None,None,None,None,None,20210620,"20.000,00",None,None,None,None
25,UPM,Universidad Politecnica de Madrid,2021,UPM-3,"Capítulo 3 TASAS, PRECIOS PÚBLICOS Y OTROS INGRESOS",UPM-32,Otros ingresos por prestación de servicios,UPM-329,Otros ingresos procedentes prestaciones de ser...,UPM-329.00,Cánones art. 83 LOU,None,None,UPM-06,ETS de Arquitectura,UPM-06.X1,Energía y Combustibles,None,None,None,None,None,None,20210620,"6.000,00",None,None,None,None
26,UPM,Universidad Politecnica de Madrid,2021,UPM-3,"Capítulo 3 TASAS, PRECIOS PÚBLICOS Y OTROS INGRESOS",UPM-32,Otros ingresos por prestación de servicios,UPM-329,Otros ingresos procedentes prestaciones de ser...,UPM-329.00,Cánones art. 83 LOU,None,None,UPM-8,ETSI Navales,None,None,None,None,None,None,None,None,20210620,"25.000,00",None,None,None,None
27,UPM,Universidad Politecnica de Madrid,2021,UPM-3,"Capítulo 3 TASAS, PRECIOS PÚBLICOS Y OTROS INGRESOS",UPM-32,Otros ingresos por prestación de servicios,UPM-329,Otros ingresos procedentes prestaciones de ser...,UPM-329.05,Prestación de servicios en Centros,None,None,UPM-8,ETSI Navales,None,None,None,None,None,None,None,None,20210620,"11.500,00",None,None,None,None
28,UPM,Universidad Politecnica de Madrid,2021,UPM-3,"Capítulo 3 TASAS, PRECIOS PÚBLICOS Y OTROS INGRESOS",UPM-33,Venta de bienes,UPM-332,Venta fotocopias y otros productos de reprografía,UPM-332.00,Venta fotocopias y otros productos de reprografía,None,None,UPM-8,ETSI Navales,None,None,None,None,None,None,None,None,20210620,"2.500,00",None,None,None,None
29,UPM,Universidad Politecnica de Madrid,2021,UPM-5,Capítulo 5 INGRESOS PATRIMONIALES,UPM-55,Productos de concesiones y aprov. Especiales,UPM-550,Producto de concesiones administrativas,UPM-550.00,Cesiones de locales,None,None,UPM-8,ETSI Navales,None,None,None,None,None,None,None,None,20210620,"8.000,00",None,None,None,None
30,UPM,Universidad Politecnica de Madrid,2021,UPM-3,"Capítulo 3 TASAS, PRECIOS PÚBLICOS Y OTROS INGRESOS",UPM-32,Otros ingresos por prestación de servicios,UPM-329,Otros ingresos procedentes prestaciones de ser...,UPM-329.00,Cánones art. 83 LOU,None,None,UPM-9,ETSI de Telecomunicación,None,None,None,None,None,None,None,None,20210620,"600.000,00",None,None,None,None
31,UPM,Universidad Politecnica de Madrid,2021,UPM-3,"Capítulo 3 TASAS, PRECIOS PÚBLICOS Y OTROS INGRESOS",UPM-32,Otros ingresos por prestación de servicios,UPM-329,Otros ingresos procedentes prestaciones de ser...,UPM-329.05,Prestación de servicios en Centros,None,None,UPM-9,ETSI de Telecomunicación,None,None,None,None,None,None,None,None,20210620,"60.000,00",None,None,None,None
32,UPM,Universidad Politecnica de Madrid,2021,UPM-3,"Capítulo 3 TASAS, PRECIOS PÚBLICOS Y OTROS INGRESOS",UPM-39,Otros ingresos,UPM-391,Ingresos por indemnizaciones,UPM-391.00,Indemnizaciones de seguros,None,None,UPM-9,ETSI de Telecomunicación,None,None,None,None,None,None,None,None,20210620,"20.000,00",None,None,None,None
33,UPM,Universidad Politecnica de Madrid,2021,UPM-3,"Capítulo 3 TASAS, PRECIOS PÚBLICOS Y OTROS INGRESOS",UPM-39,Otros ingresos,UPM-399,Ingresos diversos,UPM-399.99,Otros ingresos diversos,None,None,UPM-9,ETSI de Telecomunicación,None,None,None,None,None,None,None,None,20210620,"10.000,00",None,None,None,None
34,UPM,Universidad Politecnica de Madrid,2021,UPM-5,Capítulo 5 INGRESOS PATRIMONIALES,UPM-55,Productos de concesiones y aprov. Especiales,UPM-550,Producto de concesiones administrativas,UPM-550.00,Cesiones de locales,None,None,UPM-9,ETSI de Telecomunicación,None,None,None,None,None,None,None,None,20210620,"30.000,00",None,None,None,None
35,UPM,Universidad Politecnica de Madrid,2021,UPM-5,Capítulo 5 INGRESOS PATRIMONIALES,UPM-55,Productos de concesiones y aprov. Especiales,UPM-550,Producto de concesiones administrativas,UPM-550.02,Cesiones de taquillas y azoteas y otras concesiones,None,None,UPM-9,ETSI de Telecomunicación,None,None,None,None,None,None,None,None,20210620,"20.000,00",None,None,None,None
36,UPM,Universidad Politecnica de Madrid,2021,UPM-3,"Capítulo 3 TASAS, PRECIOS PÚBLICOS Y OTROS INGRESOS",UPM-32,Otros ingresos por prestación de servicios,UPM-329,Otros ingresos procedentes prestaciones de ser...,UPM-329.00,Cánones art. 83 LOU,None,None,UPM-10,ETSI Informáticos,None,None,None,None,None,None,None,None,20210620,"400.000,00",None,None,None,None
37,UPM,Universidad Politecnica de Madrid,2021,UPM-3,"Capítulo 3 TASAS, PRECIOS PÚBLICOS Y OTROS INGRESOS",UPM-32,Otros ingresos por prestación de servicios,UPM-329,Otros ingresos procedentes prestaciones de ser...,UPM-329.05,Prestación de servicios en Centros,None,None,UPM-10,ETSI Informáticos,None,None,None,None,None,None,None,None,20210620,"25.000,00",None,None,None,None
38,UPM,Universidad Politecnica de Madrid,2021,UPM-3,"Capítulo 3 TASAS, PRECIOS PÚBLICOS Y OTROS INGRESOS",UPM-32,Otros ingresos por prestación de servicios,UPM-329,Otros ingresos procedentes prestaciones de ser...,UPM-329.06,Organización de congresos y otros eventos,None,None,UPM-10,ETSI Informáticos,None,None,None,None,None,None,None,None,20210620,"25.000,00",None,None,None,None
39,UPM,Universidad Politecnica de Madrid,2021,UPM-3,"Capítulo 3 TASAS, PRECIOS PÚBLICOS Y OTROS INGRESOS",UPM-32,Otros ingresos por prestación de servicios,UPM-329,Otros ingresos procedentes prestaciones de ser...,UPM-329.99,Otros ingresos derivados de prestación de servicios,None,None,UPM-10,ETSI Informáticos,None,None,None,None,None,None,None,None,20210620,"20.000,00",None,None,None,None
40,UPM,Universidad Politecnica de Madrid,2021,UPM-3,"Capítulo 3 TASAS, PRECIOS PÚBLICOS Y OTROS INGRESOS",UPM-39,Otros ingresos,UPM-391,Ingresos por indemnizaciones,UPM-391.00,Indemnizaciones de seguros,None,None,UPM-10,ETSI Informáticos,None,None,None,None,None,None,None,None,20210620,"25.000,00",None,None,None,None
41,UPM,Universidad Politecnica de Madrid,2021,UPM-4,Capítulo 4 TRANSFERENCIAS Y SUBVENCIONES CORRIENTES,UPM-47,De empresa privadas,UPM-470,Transf. y subv. corrientes de empresas privadas,UPM-470.01,Subvenciones corrientes de empresas privadas,None,None,UPM-10,ETSI Informáticos,None,None,None,None,None,None,None,None,20210620,"10.000,00",None,None,None,None
42,UPM,Universidad Politecnica de Madrid,2021,UPM-5,Capítulo 5 INGRESOS PATRIMONIALES,UPM-55,Productos de concesiones y aprov. Especiales,UPM-550,Producto de concesiones administrativas,UPM-550.00,Cesiones de locales,None,None,UPM-10,ETSI Informáticos,None,None,None,None,None,None,None,None,20210620,"90.000,00",None,None,None,None
43,UPM,Universidad Politecnica de Madrid,2021,UPM-5,Capítulo 5 INGRESOS PATRIMONIALES,UPM-55,Productos de concesiones y aprov. Especiales,UPM-550,Producto de concesiones administrativas,UPM-550.02,Cesiones de taquillas y azoteas y otras concesiones,None,None,UPM-10,ETSI Informáticos,None,None,None,None,None,None,None,None,20210620,"7.000,00",None,None,None,None
44,UPM,Universidad Politecnica de Madrid,2021,UPM-3,"Capítulo 3 TASAS, PRECIOS PÚBLICOS Y OTROS INGRESOS",UPM-32,Otros ingresos por prestación de servicios,UPM-329,Otros ingresos procedentes prestaciones de ser...,UPM-329.00,Cánones art. 83 LOU,None,None,UPM-10,ETS de Arquitectura,UPM-10.X2,Inteligencia Artificial,None,None,None,None,None,None,20210620,"3.600,00",None,None,None,None
45,UPM,Universidad Politecnica de Madrid,2021,UPM-3,"Capítulo 3 TASAS, PRECIOS PÚBLICOS Y OTROS INGRESOS",UPM-32,Otros ingresos por prestación de servicios,UPM-329,Otros ingresos procedentes prestaciones de ser...,UPM-329.00,Cánones art. 83 LOU,None,None,UPM-10,ETS de Arquitectura,UPM-10.X3,Lenguajes y Sistemas Inform. Ing. Software,None,None,None,None,None,None,20210620,"20.000,00",None,None,None,None
46,UPM,Universidad Politecnica de Madrid,2021,UPM-3,"Capítulo 3 TASAS, PRECIOS PÚBLICOS Y OTROS INGRESOS",UPM-32,Otros ingresos por prestación de servicios,UPM-329,Otros ingresos procedentes prestaciones de ser...,UPM-329.00,Cánones art. 83 LOU,None,None,UPM-13,"ETSI Montes, Forestal y del Medio Natural",None,None,None,None,None,None,None,None,20210620,"140.000,00",None,None,None,None
47,UPM,Universidad Politecnica de Madrid,2021,UPM-3,"Capítulo 3 TASAS, PRECIOS PÚBLICOS Y OTROS INGRESOS",UPM-32,Otros ingresos por prestación de servicios,UPM-329,Otros ingresos procedentes prestaciones de ser...,UPM-329.05,Prestación de servicios en Centros,None,None,UPM-13,"ETSI Montes, Forestal y del Medio Natural",None,None,None,None,None,None,None,None,20210620,"12.000,00",None,None,None,None
48,UPM,Universidad Politecnica de Madrid,2021,UPM-3,"Capítulo 3 TASAS, PRECIOS PÚBLICOS Y OTROS INGRESOS",UPM-39,Otros ingresos,UPM-391,Ingresos por indemnizaciones,UPM-391.00,Indemnizaciones de seguros,None,None,UPM-13,"ETSI Montes, Forestal y del Medio Natural",None,None,None,None,None,None,None,None,20210620,"15.000,00",None,None,None,None
49,UPM,Universidad Politecnica de Madrid,2021,UPM-8,Capítulo 8 ACTIVOS FINANCIEROS,UPM-86,Enajenación acciones y participaciones fuera d...,UPM-860,Enajen. accion. y partic. fuera Sector Público,UPM-860.01,Enajen. Accion.y part. fuera  Sector Públ. corto plazo,None,None,UPM-13,ETS de Arquitectura,UPM-13LG,Legados - ETSI Montes,None,None,None,None,None,None,20210620,"57.233,89",None,None,None,None
50,UPM,Universidad Politecnica de Madrid,2021,UPM-3,"Capítulo 3 TASAS, PRECIOS PÚBLICOS Y OTROS INGRESOS",UPM-32,Otros ingresos por prestación de servicios,UPM-329,Otros ingresos procedentes prestaciones de ser...,UPM-329.00,Cánones art. 83 LOU,None,None,UPM-13,ETS de Arquitectura,UPM-13.X1,Ingeniería y Gestión Forestal y Ambiental,None,None,None,None,None,None,20210620,"10.000,00",None,None,None,None
51,UPM,Universidad Politecnica de Madrid,2021,UPM-3,"Capítulo 3 TASAS, PRECIOS PÚBLICOS Y OTROS INGRESOS",UPM-32,Otros ingresos por prestación de servicios,UPM-329,Otros ingresos procedentes prestaciones de ser...,UPM-329.00,Cánones art. 83 LOU,None,None,UPM-13,ETS de Arquitectura,UPM-13.X2,Sistemas y Recursos Naturales,None,None,None,None,None,None,20210620,"3.000,00",None,None,None,None
52,UPM,Universidad Politecnica de Madrid,2021,UPM-3,"Capítulo 3 TASAS, PRECIOS PÚBLICOS Y OTROS INGRESOS",UPM-32,Otros ingresos por prestación de servicios,UPM-329,Otros ingresos procedentes prestaciones de ser...,UPM-329.00,Cánones art. 83 LOU,None,None,UPM-14,ETSI Aeronáutica y del Espacio,None,None,None,None,None,None,None,None,20210620,"600.000,00",None,None,None,None
53,UPM,Universidad Politecnica de Madrid,2021,UPM-3,"Capítulo 3 TASAS, PRECIOS PÚBLICOS Y OTROS INGRESOS",UPM-32,Otros ingresos por prestación de servicios,UPM-329,Otros ingresos procedentes prestaciones de ser...,UPM-329.05,Prestación de servicios en Centros,None,None,UPM-14,ETSI Aeronáutica y del Espacio,None,None,None,None,None,None,None,None,20210620,"60.000,00",None,None,None,None
54,UPM,Universidad Politecnica de Madrid,2021,UPM-3,"Capítulo 3 TASAS, PRECIOS PÚBLICOS Y OTROS INGRESOS",UPM-33,Venta de bienes,UPM-330,Venta publicaciones propias,UPM-330.00,Venta publicaciones propias,None,None,UPM-14,ETSI Aeronáutica y del Espacio,None,None,None,None,None,None,None,None,20210620,"150.000,00",None,None,None,None
55,UPM,Universidad Politecnica de Madrid,2021,UPM-3,"Capítulo 3 TASAS, PRECIOS PÚBLICOS Y OTROS INGRESOS",UPM-33,Venta de bienes,UPM-332,Venta fotocopias y otros productos de reprografía,UPM-332.00,Venta fotocopias y otros productos de reprografía,None,None,UPM-14,ETSI Aeronáutica y del Espacio,None,None,None,None,None,None,None,None,20210620,"10.000,00",None,None,None,None
56,UPM,Universidad Politecnica de Madrid,2021,UPM-3,"Capítulo 3 TASAS, PRECIOS PÚBLICOS Y OTROS INGRESOS",UPM-39,Otros ingresos,UPM-391,Ingresos por indemnizaciones,UPM-391.00,Indemnizaciones de seguros,None,None,UPM-14,ETSI Aeronáutica y del Espacio,None,None,None,None,None,None,None,None,20210620,"15.000,00",None,None,None,None
57,UPM,Universidad Politecnica de Madrid,2021,UPM-5,Capítulo 5 INGRESOS PATRIMONIALES,UPM-55,Productos de concesiones y aprov. Especiales,UPM-550,Producto de concesiones administrativas,UPM-550.00,Cesiones de locales,None,None,UPM-14,ETSI Aeronáutica y del Espacio,None,None,None,None,None,None,None,None,20210620,"40.000,00",None,None,None,None
58,UPM,Universidad Politecnica de Madrid,2021,UPM-3,"Capítulo 3 TASAS, PRECIOS PÚBLICOS Y OTROS INGRESOS",UPM-32,Otros ingresos por prestación de servicios,UPM-329,Otros ingresos procedentes prestaciones de ser...,UPM-329.00,Cánones art. 83 LOU,None,None,UPM-14,ETS de Arquitectura,UPM-14.X1,Aeronaves y Vehículos Espaciales,None,None,None,None,None,None,20210620,"15.000,00",None,None,None,None
59,UPM,Universidad Politecnica de Madrid,2021,UPM-3,"Capítulo 3 TASAS, PRECIOS PÚBLICOS Y OTROS INGRESOS",UPM-32,Otros ingresos por prestación de servicios,UPM-329,Otros ingresos procedentes prestaciones de ser...,UPM-329.00,Cánones art. 83 LOU,None,None,UPM-14,ETS de Arquitectura,UPM-14.X2,Física Aplicada a las Ing. Aeronáutica y Naval,None,None,None,None,None,None,20210620,"5.000,00",None,None,None,None
60,UPM,Universidad Politecnica de Madrid,2021,UPM-3,"Capítulo 3 TASAS, PRECIOS PÚBLICOS Y OTROS INGRESOS",UPM-32,Otros ingresos por prestación de servicios,UPM-329,Otros ingresos procedentes prestaciones de ser...,UPM-329.00,Cánones art. 83 LOU,None,None,UPM-14,ETS de Arquitectura,UPM-14.X4,Materiales y Producción Aeroespacial,None,None,None,None,None,None,20210620,"6.000,00",None,None,None,None
61,UPM,Universidad Politecnica de Madrid,2021,UPM-3,"Capítulo 3 TASAS, PRECIOS PÚBLICOS Y OTROS INGRESOS",UPM-32,Otros ingresos por prestación de servicios,UPM-329,Otros ingresos procedentes prestaciones de ser...,UPM-329.00,Cánones art. 83 LOU,None,None,UPM-14,ETS de Arquitectura,UPM-14.X5,Mecánica de Fluidos y Propulsión Aeroespacial,None,None,None,None,None,None,20210620,"5.000,00",None,None,None,None
62,UPM,Universidad Politecnica de Madrid,2021,UPM-3,"Capítulo 3 TASAS, PRECIOS PÚBLICOS Y OTROS INGRESOS",UPM-32,Otros ingresos por prestación de servicios,UPM-329,Otros ingresos procedentes prestaciones de ser...,UPM-329.00,Cánones art. 83 LOU,None,None,UPM-15,"ETSI Agronómica, Alimentaria y de Biosistemas",None,None,None,None,None,None,None,None,20210620,"130.000,00",None,None,None,None
63,UPM,Universidad Politecnica de Madrid,2021,UPM-3,"Capítulo 3 TASAS, PRECIOS PÚBLICOS Y OTROS INGRESOS",UPM-32,Otros ingresos por prestación de servicios,UPM-329,Otros ingresos procedentes prestaciones de ser...,UPM-329.05,Prestación de servicios en Centros,None,None,UPM-15,"ETSI Agronómica, Alimentaria y de Biosistemas",None,None,None,None,None,None,None,None,20210620,"22.000,00",None,None,None,None
64,UPM,Universidad Politecnica de Madrid,2021,UPM-3,"Capítulo 3 TASAS, PRECIOS PÚBLICOS Y OTROS INGRESOS",UPM-32,Otros ingresos por prestación de servicios,UPM-329,Otros ingresos procedentes prestaciones de ser...,UPM-329.99,Otros ingresos derivados de prestación de servicios,None,None,UPM-15,"ETSI Agronómica, Alimentaria y de Biosistemas",None,None,None,None,None,None,None,None,20210620,"8.000,00",None,None,None,None
65,UPM,Universidad Politecnica de Madrid,2021,UPM-3,"Capítulo 3 TASAS, PRECIOS PÚBLICOS Y OTROS INGRESOS",UPM-39,Otros ingresos,UPM-391,Ingresos por indemnizaciones,UPM-391.00,Indemnizaciones de seguros,None,None,UPM-15,"ETSI Agronómica, Alimentaria y de Biosistemas",None,None,None,None,None,None,None,None,20210620,"10.000,00",None,None,None,None
66,UPM,Universidad Politecnica de Madrid,2021,UPM-5,Capítulo 5 INGRESOS PATRIMONIALES,UPM-55,Productos de concesiones y aprov. Especiales,UPM-550,Producto de concesiones administrativas,UPM-550.00,Cesiones de locales,None,None,UPM-15,"ETSI Agronómica, Alimentaria y de Biosistemas",None,None,None,None,None,None,None,None,20210620,"30.000,00",None,None,None,None
67,UPM,Universidad Politecnica de Madrid,2021,UPM-3,"Capítulo 3 TASAS, PRECIOS PÚBLICOS Y OTROS INGRESOS",UPM-32,Otros ingresos por prestación de servicios,UPM-329,Otros ingresos procedentes prestaciones de ser...,UPM-329.00,Cánones art. 83 LOU,None,None,UPM-15,ETS de Arquitectura,UPM-15.X3,Ingeniería Agroforestal,None,None,None,None,None,None,20210620,300,None,None,None,None
68,UPM,Universidad Politecnica de Madrid,2021,UPM-3,"Capítulo 3 TASAS, PRECIOS PÚBLICOS Y OTROS INGRESOS",UPM-32,Otros ingresos por prestación de servicios,UPM-329,Otros ingresos procedentes prestaciones de ser...,UPM-329.00,Cánones art. 83 LOU,None,None,UPM-21,ETS de Arquitectura,UPM-21.04,Fondo de Emergencia,None,None,None,None,None,None,20210620,0,None,None,None,None
69,UPM,Universidad Politecnica de Madrid,2021,UPM-3,"Capítulo 3 TASAS, PRECIOS PÚBLICOS Y OTROS INGRESOS",UPM-31,Precios públicos ,UPM-312,"Títulos propios, másteres propios, cursos y se...",UPM-312.00,Derechos matrícula por títulos propios,None,None,UPM-21,ETS de Arquitectura,UPM-21.05,OTT ,None,None,None,None,None,None,20210620,"10.000,00",None,None,None,None
70,UPM,Universidad Politecnica de Madrid,2021,UPM-3,"Capítulo 3 TASAS, PRECIOS PÚBLICOS Y OTROS INGRESOS",UPM-31,Precios públicos ,UPM-312,"Títulos propios, másteres propios, cursos y se...",UPM-312.01,Derechos matrícula por másteres propios,None,None,UPM-21,ETS de Arquitectura,UPM-21.05,OTT ,None,None,None,None,None,None,20210620,"276.000,00",None,None,None,None
71,UPM,Universidad Politecnica de Madrid,2021,UPM-3,"Capítulo 3 TASAS, PRECIOS PÚBLICOS Y OTROS INGRESOS",UPM-31,Precios públicos ,UPM-314,Otros precios públicos por cursos y seminarios,UPM-314.00,Otros precios públicos por cursos y seminarios,None,None,UPM-21,ETS de Arquitectura,UPM-21.05,OTT,None,None,None,None,None,None,20210620,0,None,None,None,None
72,UPM,Universidad Politecnica de Madrid,2021,UPM-3,"Capítulo 3 TASAS, PRECIOS PÚBLICOS Y OTROS INGRESOS",UPM-32,Otros ingresos por prestación de servicios,UPM-329,Otros ingresos procedentes prestaciones de ser...,UPM-329.00,Cánones art. 83 LOU,None,None,UPM-21,ETS de Arquitectura,UPM-21.05,OTT,None,None,None,None,None,None,20210620,"1.945.000,00",None,None,None,None
73,UPM,Universidad Politecnica de Madrid,2021,UPM-3,"Capítulo 3 TASAS, PRECIOS PÚBLICOS Y OTROS INGRESOS",UPM-32,Otros ingresos por prestación de servicios,UPM-329,Otros ingresos procedentes prestaciones de ser...,UPM-329.01,Prestación servicios facturación OTT,None,None,UPM-21,ETS de Arquitectura,UPM-21.05,OTT,None,None,None,None,None,None,20210620,"14.582.000,00",None,None,None,None
74,UPM,Universidad Politecnica de Madrid,2021,UPM-3,"Capítulo 3 TASAS, PRECIOS PÚBLICOS Y OTROS INGRESOS",UPM-32,Otros ingresos por prestación de servicios,UPM-329,Otros ingresos procedentes prestaciones de ser...,UPM-329.08,Cánones Fundaciones por prestación de servicios,None,None,UPM-21,ETS de Arquitectura,UPM-21.05,OTT,None,None,None,None,None,None,20210620,"910.000,00",None,None,None,None
75,UPM,Universidad Politecnica de Madrid,2021,UPM-3,"Capítulo 3 TASAS, PRECIOS PÚBLICOS Y OTROS INGRESOS",UPM-32,Otros ingresos por prestación de servicios,UPM-329,Otros ingresos procedentes prestaciones de ser...,UPM-329.09,"Cánones Fundaciones por títulos, cursos y seminarios",None,None,UPM-21,ETS de Arquitectura,UPM-21.05,OTT,None,None,None,None,None,None,20210620,"820.000,00",None,None,None,None
76,UPM,Universidad Politecnica de Madrid,2021,UPM-3,"Capítulo 3 TASAS, PRECIOS PÚBLICOS Y OTROS INGRESOS",UPM-39,Otros ingresos,UPM-399,Ingresos diversos,UPM-399.99,Otros ingresos diversos,None,None,UPM-21,ETS de Arquitectura,UPM-21.05,OTT,None,None,None,None,None,None,20210620,0,None,None,None,None
77,UPM,Universidad Politecnica de Madrid,2021,UPM-3,"Capítulo 3 TASAS, PRECIOS PÚBLICOS Y OTROS INGRESOS",UPM-38,Reintegros de operaciones corrientes,UPM-380,Reintegros ejercicios cerrados,None,None,None,None,UPM-21,ETS de Arquitectura,UPM-21.05,OTT,None,None,None,None,None,None,20210620,0,None,None,None,None
78,UPM,Universidad Politecnica de Madrid,2021,UPM-3,"Capítulo 3 TASAS, PRECIOS PÚBLICOS Y OTROS INGRESOS",UPM-39,Otros ingresos,UPM-391,Ingresos por indemnizaciones,UPM-391.00,Indemnizaciones de seguros,None,None,UPM-21,ETS de Arquitectura,UPM-21.05,OTT,None,None,None,None,None,None,20210620,0,None,None,None,None
79,UPM,Universidad Politecnica de Madrid,2021,UPM-3,"Capítulo 3 TASAS, PRECIOS PÚBLICOS Y OTROS INGRESOS",UPM-39,Otros ingresos,UPM-391,Ingresos por indemnizaciones,UPM-391.01,Intereses de demora,None,None,UPM-21,ETS de Arquitectura,UPM-21.05,OTT,None,None,None,None,None,None,20210620,0,None,None,None,None
80,UPM,Universidad Politecnica de Madrid,2021,UPM-3,"Capítulo 3 TASAS, PRECIOS PÚBLICOS Y OTROS INGRESOS",UPM-39,Otros ingresos,UPM-399,Ingresos diversos,UPM-399.99,Otros ingresos diversos,None,None,UPM-21,ETS de Arquitectura,UPM-21.05,OTT,None,None,None,None,None,None,20210620,0,None,None,None,None
81,UPM,Universidad Politecnica de Madrid,2021,UPM-4,Capítulo 4 TRANSFERENCIAS Y SUBVENCIONES CORRIENTES,UPM-40,De la Administración del Estado,UPM-400,Del Ministerio de Educación,UPM-400.05,Otras  subvenciones M E. C y  D,None,None,UPM-21,ETS de Arquitectura,UPM-21.05,OTT ,None,None,None,None,None,None,20210620,0,None,None,None,None
82,UPM,Universidad Politecnica de Madrid,2021,UPM-4,Capítulo 4 TRANSFERENCIAS Y SUBVENCIONES CORRIENTES,UPM-41,De organismos autónomos,UPM-410,Transferencias y subvenciones corrientes OOAA,UPM-410.02,Subvención Corriente programa Erasmus,None,None,UPM-21,ETS de Arquitectura,UPM-21.05,OTT (25.07.02),None,None,None,None,None,None,20210620,0,None,None,None,None
83,UPM,Universidad Politecnica de Madrid,2021,UPM-4,Capítulo 4 TRANSFERENCIAS Y SUBVENCIONES CORRIENTES,UPM-41,De organismos autónomos,UPM-410,Transferencias y subvenciones corrientes OOAA,UPM-410.02,Subvención Corriente programa Erasmus,None,None,UPM-21,ETS de Arquitectura,UPM-21.05,OTT (25.08.02),None,None,None,None,None,None,20210620,"1.888.500,00",None,None,None,None
84,UPM,Universidad Politecnica de Madrid,2021,UPM-4,Capítulo 4 TRANSFERENCIAS Y SUBVENCIONES CORRIENTES,UPM-43,De Agencias Estatales y otras entidades ,UPM-431,De Agencias Estatales para investigación,UPM-431.00,Transf. corrientes de Agencias Estatales para investigación,None,None,UPM-21,ETS de Arquitectura,UPM-21.05,OTT,None,None,None,None,None,None,20210620,"945.256,93",None,None,None,None
85,UPM,Universidad Politecnica de Madrid,2021,UPM-4,Capítulo 4 TRANSFERENCIAS Y SUBVENCIONES CORRIENTES,UPM-47,De empresa privadas,UPM-470,Transf. y subv. corrientes de empresas privadas,UPM-470.00,Transferencias corrientes de empresas privadas,None,None,UPM-21,ETS de Arquitectura,UPM-21.05,OTT ,None,None,None,None,None,None,20210620,0,None,None,None,None
86,UPM,Universidad Politecnica de Madrid,2021,UPM-4,Capítulo 4 TRANSFERENCIAS Y SUBVENCIONES CORRIENTES,UPM-44,De entidades públ. empr. y otras entidades del...,UPM-442,Transf. y Subv. Corrientes de otros organismos...,UPM-442.01,Subv. corrientes de otros organismos públicos,None,None,UPM-21,ETS de Arquitectura,UPM-21.05,OTT,None,None,None,None,None,None,20210620,0,None,None,None,None
87,UPM,Universidad Politecnica de Madrid,2021,UPM-4,Capítulo 4 TRANSFERENCIAS Y SUBVENCIONES CORRIENTES,UPM-47,De empresa privadas,UPM-470,Transf. y subv. corrientes de empresas privadas,UPM-470.00,Transferencias corrientes de empresas privadas,None,None,UPM-21,ETS de Arquitectura,UPM-21.05,OTT ,None,None,None,None,None,None,20210620,"964.063,62",None,None,None,None
88,UPM,Universidad Politecnica de Madrid,2021,UPM-4,Capítulo 4 TRANSFERENCIAS Y SUBVENCIONES CORRIENTES,UPM-47,De empresa privadas,UPM-470,Transf. y subv. corrientes de empresas privadas,UPM-470.01,Subvenciones corrientes de empresas privadas,None,None,UPM-21,ETS de Arquitectura,UPM-21.05,OTT - AFECTADO,None,None,None,None,None,None,20210620,0,None,None,None,None
89,UPM,Universidad Politecnica de Madrid,2021,UPM-4,Capítulo 4 TRANSFERENCIAS Y SUBVENCIONES CORRIENTES,UPM-48,De familias e instituciones sin fines de lucro,UPM-480,Transf. y subv. corr. de familias e inst. sin ...,UPM-480.00,Transf .corr. de familias e inst. sin fines lucro,None,None,UPM-21,ETS de Arquitectura,UPM-21.05,OTT ,None,None,None,None,None,None,20210620,0,None,None,None,None
90,UPM,Universidad Politecnica de Madrid,2021,UPM-4,Capítulo 4 TRANSFERENCIAS Y SUBVENCIONES CORRIENTES,UPM-48,De familias e instituciones sin fines de lucro,UPM-480,Transf. y subv. corr. de familias e inst. sin ...,UPM-480.01,Subvenciones corrientes de familias e instituc.,None,None,UPM-21,ETS de Arquitectura,UPM-21.05,OTT,None,None,None,None,None,None,20210620,"8.592,47",None,None,None,None
91,UPM,Universidad Politecnica de Madrid,2021,UPM-4,Capítulo 4 TRANSFERENCIAS Y SUBVENCIONES CORRIENTES,UPM-48,De familias e instituciones sin fines de lucro,UPM-481,Transfer. y subv. corrientes de fundaciones,UPM-481.00,Transferencias corrientes de fundaciones,None,None,UPM-21,ETS de Arquitectura,UPM-21.05,OTT ,None,None,None,None,None,None,20210620,"124.150,00",None,None,None,None
92,UPM,Universidad Politecnica de Madrid,2021,UPM-4,Capítulo 4 TRANSFERENCIAS Y SUBVENCIONES CORRIENTES,UPM-48,De familias e instituciones sin fines de lucro,UPM-481,Transfer. y subv. corrientes de fundaciones,UPM-481.01,Subvenciones corrientes de fundaciones,None,None,UPM-21,ETS de Arquitectura,UPM-21.05,OTT ,None,None,None,None,None,None,20210620,"68.000,00",None,None,None,None
93,UPM,Universidad Politecnica de Madrid,2021,UPM-4,Capítulo 4 TRANSFERENCIAS Y SUBVENCIONES CORRIENTES,UPM-49,Del exterior,UPM-492,Otras subvenciones corrientes de la UE.,UPM-492.00,Otras subvenc. corrientes de la UE. No reintegrables,None,None,UPM-21,ETS de Arquitectura,UPM-21.05,OTT ,None,None,None,None,None,None,20210620,"1.191.549,08",None,None,None,None
94,UPM,Universidad Politecnica de Madrid,2021,UPM-4,Capítulo 4 TRANSFERENCIAS Y SUBVENCIONES CORRIENTES,UPM-49,Del exterior,UPM-492,Otras subvenciones corrientes de la UE.,UPM-492.01,Otras subven. corrientes de la UE. Reintegrables,None,None,UPM-21,ETS de Arquitectura,UPM-21.05,OTT,None,None,None,None,None,None,20210620,"976.626,39",None,None,None,None
95,UPM,Universidad Politecnica de Madrid,2021,UPM-4,Capítulo 4 TRANSFERENCIAS Y SUBVENCIONES CORRIENTES,UPM-49,Del exterior,UPM-499,Otras subvenciones corrientes,UPM-499.00,Otras subven. corrientes del Exterior no reintegrables,None,None,UPM-21,ETS de Arquitectura,UPM-21.05,OTT,None,None,None,None,None,None,20210620,"54.788,63",None,None,None,None
96,UPM,Universidad Politecnica de Madrid,2021,UPM-5,Capítulo 5 INGRESOS PATRIMONIALES,UPM-55,Productos de concesiones y aprov. Especiales,UPM-559,Explotación de patentes y marcas,UPM-559.00,Explotación de patentes y marcas,None,None,UPM-21,ETS de Arquitectura,UPM-21.05,OTT,None,None,None,None,None,None,20210620,"204.545,43",None,None,None,None
97,UPM,Universidad Politecnica de Madrid,2021,UPM-7,Capítulo 7 TRANSFERENCIAS Y SUBVENCIONES DE CAPITAL,UPM-70,Transf. y subv. capital de la Administración d...,UPM-700,Del Ministerio de Educación,UPM-700.00,"Transfer. de capital de M. de Educ., Cultura y Deporte",None,None,UPM-21,ETS de Arquitectura,UPM-21.05,OTT,None,None,None,None,None,None,20210620,0,None,None,None,None
98,UPM,Universidad Politecnica de Madrid,2021,UPM-7,Capítulo 7 TRANSFERENCIAS Y SUBVENCIONES DE CAPITAL,UPM-70,Transf. y subv. capital de la Administración d...,UPM-700,Del Ministerio de Educación,UPM-700.01,Transf. del Ministerio de Educación para investigación,None,None,UPM-21,ETS de Arquitectura,UPM-21.05,OTT,None,None,None,None,None,None,20210620,0,None,None,None,None
99,UPM,Universidad Politecnica de Madrid,2021,UPM-7,Capítulo 7 TRANSFERENCIAS Y SUBVENCIONES DE CAPITAL,UPM-70,Transf. y subv. capital de la Administración d...,UPM-700,Del Ministerio de Educación,UPM-700.02,"Subvenc. del Minist. de Educación, Cultura y Depor.",None,None,UPM-21,ETS de Arquitectura,UPM-21.05,OTT,None,None,None,None,None,None,20210620,0,None,None,None,None
100,UPM,Universidad Politecnica de Madrid,2021,UPM-7,Capítulo 7 TRANSFERENCIAS Y SUBVENCIONES DE CAPITAL,UPM-70,Transf. y subv. capital de la Administración d...,UPM-700,Del Ministerio de Educación,UPM-700.03,"Transferencias de M. de Educ., Cult. y Depor. para Inv.",None,None,UPM-21,ETS de Arquitectura,UPM-21.05,OTT,None,None,None,None,None,None,20210620,"371.932,81",None,None,None,None
101,UPM,Universidad Politecnica de Madrid,2021,UPM-7,Capítulo 7 TRANSFERENCIAS Y SUBVENCIONES DE CAPITAL,UPM-70,Transf. y subv. capital de la Administración d...,UPM-701,Transf. y subv. de otros Ministerios para Inve...,UPM-701.00,Transferencias de capital de otros Ministerios,None,None,UPM-21,ETS de Arquitectura,UPM-21.05,OTT,None,None,None,None,None,None,20210620,0,None,None,None,None
102,UPM,Universidad Politecnica de Madrid,2021,UPM-7,Capítulo 7 TRANSFERENCIAS Y SUBVENCIONES DE CAPITAL,UPM-70,Transf. y subv. capital de la Administración d...,UPM-701,Transf. y subv. de otros Ministerios para Inve...,UPM-701.01,Subvenciones de capital de otros Ministerios para investigación,None,None,UPM-21,ETS de Arquitectura,UPM-21.05,OTT,None,None,None,None,None,None,20210620,"9.539.299,81",None,None,None,None
103,UPM,Universidad Politecnica de Madrid,2021,UPM-7,Capítulo 7 TRANSFERENCIAS Y SUBVENCIONES DE CAPITAL,UPM-70,Transf. y subv. capital de la Administración d...,UPM-701,Transf. y subv. de otros Ministerios para Inve...,None,None,None,None,UPM-21,ETS de Arquitectura,UPM-21.05,OTT,None,None,None,None,None,None,20210620,0,None,None,None,None
104,UPM,Universidad Politecnica de Madrid,2021,UPM-7,Capítulo 7 TRANSFERENCIAS Y SUBVENCIONES DE CAPITAL,UPM-71,Transferencias y subvenciones de capital OOAA,UPM-710,Transf. de capital de OOAA,UPM-710.01,Subvenciones de capital de OOAA,None,None,UPM-21,ETS de Arquitectura,UPM-21.05,OTT,None,None,None,None,None,None,20210620,0,None,None,None,None
105,UPM,Universidad Politecnica de Madrid,2021,UPM-7,Capítulo 7 TRANSFERENCIAS Y SUBVENCIONES DE CAPITAL,UPM-73,Transf. y subv. de agencias estatales y otras ...,UPM-730,Transf. y subv. de agencias estatales y otras ...,UPM-730.01,Subv. de capital de agencias estatales,None,None,UPM-21,ETS de Arquitectura,UPM-21.05,OTT,None,None,None,None,None,None,20210620,"7.629.460,42",None,None,None,None
106,UPM,Universidad Politecnica de Madrid,2021,UPM-7,Capítulo 7 TRANSFERENCIAS Y SUBVENCIONES DE CAPITAL,UPM-73,Transf. y subv. de agencias estatales y otras ...,UPM-730,Transf. y subv. de agencias estatales y otras ...,UPM-730.01,Subv. de capital de agencias estatales,None,None,UPM-21,ETS de Arquitectura,UPM-21.05,OTT (26.01.02),None,None,None,None,None,None,20210620,0,None,None,None,None
107,UPM,Universidad Politecnica de Madrid,2021,UPM-7,Capítulo 7 TRANSFERENCIAS Y SUBVENCIONES DE CAPITAL,UPM-73,Transf. y subv. de agencias estatales y otras ...,UPM-730,Transf. y subv. de agencias estatales y otras ...,UPM-730.01,Subv. de capital de agencias estatales,None,None,UPM-21,ETS de Arquitectura,UPM-21.05,OTT (26.02.02),None,None,None,None,None,None,20210620,"2.092.851,00",None,None,None,None
108,UPM,Universidad Politecnica de Madrid,2021,UPM-7,Capítulo 7 TRANSFERENCIAS Y SUBVENCIONES DE CAPITAL,UPM-75,Transferencias y subvenciones de capital CCAA,UPM-750,De la Comunidad de Madrid,UPM-750.01,Subvenciones de capital de la CM para investigación,None,None,UPM-21,ETS de Arquitectura,UPM-21.05,OTT,None,None,None,None,None,None,20210620,"5.227.116,76",None,None,None,None
109,UPM,Universidad Politecnica de Madrid,2021,UPM-7,Capítulo 7 TRANSFERENCIAS Y SUBVENCIONES DE CAPITAL,UPM-75,Transferencias y subvenciones de capital CCAA,UPM-750,De la Comunidad de Madrid,UPM-750.01,Subvenciones de capital de la CM para investigación,None,None,UPM-21,ETS de Arquitectura,UPM-21.05,OTT (26.05.02),None,None,None,None,None,None,20210620,"1.400.000,00",None,None,None,None
110,UPM,Universidad Politecnica de Madrid,2021,UPM-7,Capítulo 7 TRANSFERENCIAS Y SUBVENCIONES DE CAPITAL,UPM-75,Transferencias y subvenciones de capital CCAA,UPM-750,De la Comunidad de Madrid,UPM-750.01,Subvenciones de capital de la CM para investigación,None,None,UPM-21,ETS de Arquitectura,UPM-21.05,OTT (26.09.02),None,None,None,None,None,None,20210620,0,None,None,None,None
111,UPM,Universidad Politecnica de Madrid,2021,UPM-7,Capítulo 7 TRANSFERENCIAS Y SUBVENCIONES DE CAPITAL,UPM-77,De empresas privadas,UPM-770,Transfe. y subven. cap. de emp. privadas para ...,UPM-770.00,Transfer. capital para invest. de empresas privadas,None,None,UPM-21,ETS de Arquitectura,UPM-21.05,OTT,None,None,None,None,None,None,20210620,0,None,None,None,None
112,UPM,Universidad Politecnica de Madrid,2021,UPM-7,Capítulo 7 TRANSFERENCIAS Y SUBVENCIONES DE CAPITAL,UPM-77,De empresas privadas,UPM-770,Transfe. y subven. cap. de emp. privadas para ...,UPM-770.01,Subvenciones de empresas privadas para investigación,None,None,UPM-21,ETS de Arquitectura,UPM-21.05,OTT,None,None,None,None,None,None,20210620,"98.089,86",None,None,None,None
113,UPM,Universidad Politecnica de Madrid,2021,UPM-7,Capítulo 7 TRANSFERENCIAS Y SUBVENCIONES DE CAPITAL,UPM-78,De familias e instituciones sin fines de lucro,UPM-780,Transf. y subvenc. de familias e instituciones...,UPM-780.00,Transferencias de familias e inst. sin fines de lucro,None,None,UPM-21,ETS de Arquitectura,UPM-21.05,OTT,None,None,None,None,None,None,20210620,0,None,None,None,None
114,UPM,Universidad Politecnica de Madrid,2021,UPM-7,Capítulo 7 TRANSFERENCIAS Y SUBVENCIONES DE CAPITAL,UPM-78,De familias e instituciones sin fines de lucro,UPM-780,Transf. y subvenc. de familias e instituciones...,UPM-780.01,Subvenciones de familias e inst. sin fines de lucro,None,None,UPM-21,ETS de Arquitectura,UPM-21.05,OTT,None,None,None,None,None,None,20210620,"8.811,28",None,None,None,None
115,UPM,Universidad Politecnica de Madrid,2021,UPM-7,Capítulo 7 TRANSFERENCIAS Y SUBVENCIONES DE CAPITAL,UPM-78,De familias e instituciones sin fines de lucro,UPM-781,Transferencias y subvenc. de Fundaciones,UPM-781.00,Transferencias de Fundaciones,None,None,UPM-21,ETS de Arquitectura,UPM-21.05,OTT,None,None,None,None,None,None,20210620,0,None,None,None,None
116,UPM,Universidad Politecnica de Madrid,2021,UPM-7,Capítulo 7 TRANSFERENCIAS Y SUBVENCIONES DE CAPITAL,UPM-78,De familias e instituciones sin fines de lucro,UPM-781,Transferencias y subvenc. de Fundaciones,UPM-781.01,Subvenciones de Fundaciones,None,None,UPM-21,ETS de Arquitectura,UPM-21.05,OTT,None,None,None,None,None,None,20210620,"307.548,02",None,None,None,None
117,UPM,Universidad Politecnica de Madrid,2021,UPM-7,Capítulo 7 TRANSFERENCIAS Y SUBVENCIONES DE CAPITAL,UPM-79,Transferencias y subvenciones del exterior,UPM-790,Transf. y Subvenciones de capital fondos FEDER,UPM-790.01,Subvenciones de capital fondos FEDER,None,None,UPM-21,ETS de Arquitectura,UPM-21.05,OTT,None,None,None,None,None,None,20210620,0,None,None,None,None
118,UPM,Universidad Politecnica de Madrid,2021,UPM-7,Capítulo 7 TRANSFERENCIAS Y SUBVENCIONES DE CAPITAL,UPM-79,Transferencias y subvenciones del exterior,UPM-795,Otras Transf. y subv. de capital de la UE,UPM-795.01,Otras Subvenciones de capital de la UE,None,None,UPM-21,ETS de Arquitectura,UPM-21.05,OTT,None,None,None,None,None,None,20210620,"1.039.925,71",None,None,None,None
119,UPM,Universidad Politecnica de Madrid,2021,UPM-7,Capítulo 7 TRANSFERENCIAS Y SUBVENCIONES DE CAPITAL,UPM-79,Transferencias y subvenciones del exterior,UPM-795,Otras Transf. y subv. de capital de la UE,UPM-795.03,Programa  marco 2007  a  2013     ,None,None,UPM-21,ETS de Arquitectura,UPM-21.05,OTT,None,None,None,None,None,None,20210620,0,None,None,None,None
120,UPM,Universidad Politecnica de Madrid,2021,UPM-7,Capítulo 7 TRANSFERENCIAS Y SUBVENCIONES DE CAPITAL,UPM-79,Transferencias y subvenciones del exterior,UPM-795,Otras Transf. y subv. de capital de la UE,UPM-795.04,Horizonte 2020,None,None,UPM-21,ETS de Arquitectura,UPM-21.05,OTT,None,None,None,None,None,None,20210620,"12.787.284,84",None,None,None,None
121,UPM,Universidad Politecnica de Madrid,2021,UPM-7,Capítulo 7 TRANSFERENCIAS Y SUBVENCIONES DE CAPITAL,UPM-79,Transferencias y subvenciones del exterior,UPM-799,Otras Transf. y subv. de capital del exterior,UPM-799.01,Otras subvenciones de capital del exterior,None,None,UPM-21,ETS de Arquitectura,UPM-21.05,OTT,None,None,None,None,None,None,20210620,"2.187.012,32",None,None,None,None
122,UPM,Universidad Politecnica de Madrid,2021,UPM-8,Capítulo 8 ACTIVOS FINANCIEROS,UPM-87,Remanente Tesorería,UPM-870,Remanente Tesorería,UPM-870.01,Remanente Tesorería afectado,None,None,UPM-21,ETS de Arquitectura,UPM-21.05,OTT (25.07.02),None,None,None,None,None,None,20210620,"704.400,00",None,None,None,None
123,UPM,Universidad Politecnica de Madrid,2021,UPM-8,Capítulo 8 ACTIVOS FINANCIEROS,UPM-87,Remanente Tesorería,UPM-870,Remanente Tesorería,UPM-870.01,Remanente Tesorería afectado,None,None,UPM-21,ETS de Arquitectura,UPM-21.05,OTT (25.08.02),None,None,None,None,None,None,20210620,"460.600,00",None,None,None,None
124,UPM,Universidad Politecnica de Madrid,2021,UPM-3,"Capítulo 3 TASAS, PRECIOS PÚBLICOS Y OTROS INGRESOS",UPM-32,Otros ingresos por prestación de servicios,UPM-329,Otros ingresos procedentes prestaciones de ser...,UPM-329.03,Actividades deportivas,None,None,UPM-22,ETS de Arquitectura,UPM-22.01,Vicerrectorado de Alumnos y Extensión Universitaria,None,None,None,None,None,None,20210620,"50.000,00",None,None,None,None
125,UPM,Universidad Politecnica de Madrid,2021,UPM-3,"Capítulo 3 TASAS, PRECIOS PÚBLICOS Y OTROS INGRESOS",UPM-32,Otros ingresos por prestación de servicios,UPM-329,Otros ingresos procedentes prestaciones de ser...,UPM-329.07,Prestación de Servicios por Actividades Culturales,None,None,UPM-22,ETS de Arquitectura,UPM-22.01,Vicerrectorado de Alumnos y Extensión Universitaria,None,None,None,None,None,None,20210620,"20.000,00",None,None,None,None
126,UPM,Universidad Politecnica de Madrid,2021,UPM-3,"Capítulo 3 TASAS, PRECIOS PÚBLICOS Y OTROS INGRESOS",UPM-32,Otros ingresos por prestación de servicios,UPM-329,Otros ingresos procedentes prestaciones de ser...,UPM-329.11,Cánones por prácticas en empresas,None,None,UPM-22,ETS de Arquitectura,UPM-22.02,Vicerrectorado de Alumnos y Extensión Universitaria,None,None,None,None,None,None,20210620,"1.322.105,86",None,None,None,None
127,UPM,Universidad Politecnica de Madrid,2021,UPM-4,Capítulo 4 TRANSFERENCIAS Y SUBVENCIONES CORRIENTES,UPM-47,De empresa privadas,UPM-470,Transf. y subv. corrientes de empresas privadas,UPM-470.01,Subvenciones corrientes de empresas privadas,None,None,UPM-22,ETS de Arquitectura,UPM-22.03.02,Vicerrectorado de Alumnos y Extensión Universitaria,None,None,None,None,None,None,20210620,"59.000,00",None,None,None,None
128,UPM,Universidad Politecnica de Madrid,2021,UPM-3,"Capítulo 3 TASAS, PRECIOS PÚBLICOS Y OTROS INGRESOS",UPM-31,Precios públicos ,UPM-314,Otros precios públicos por cursos y seminarios,UPM-314.00,Otros precios públicos por cursos y seminarios,None,None,UPM-25,ETS de Arquitectura,UPM-25.02.02,Vicerrectorado de Estrategia Académica e Internacionalización,None,None,None,None,None,None,20210620,0,None,None,None,None
129,UPM,Universidad Politecnica de Madrid,2021,UPM-3,"Capítulo 3 TASAS, PRECIOS PÚBLICOS Y OTROS INGRESOS",UPM-31,Precios públicos ,UPM-314,Otros precios públicos por cursos y seminarios,UPM-314.00,Otros precios públicos por cursos y seminarios,None,None,UPM-25,ETS de Arquitectura,UPM-25.03.02,Vicerrectorado de Estrategia Académica e Internacionalización,None,None,None,None,None,None,20210620,"631.600,00",None,None,None,None
130,UPM,Universidad Politecnica de Madrid,2021,UPM-3,"Capítulo 3 TASAS, PRECIOS PÚBLICOS Y OTROS INGRESOS",UPM-32,Otros ingresos por prestación de servicios,UPM-329,Otros ingresos procedentes prestaciones de ser...,UPM-329.12,Ingresos por prestación de servicios de formación ocupac.,None,None,UPM-25,ETS de Arquitectura,UPM-25.03.02,Vicerrectorado de Estrategia Académica e Internacionalización,None,None,None,None,None,None,20210620,"31.560,00",None,None,None,None
131,UPM,Universidad Politecnica de Madrid,2021,UPM-4,Capítulo 4 TRANSFERENCIAS Y SUBVENCIONES CORRIENTES,UPM-45,De Comunidades Autónomas,UPM-459,Otras subvenciones y transferencias corrientes,UPM-459.04,Subvenciones corrientes para cursos de formación,None,None,UPM-25,ETS de Arquitectura,UPM-25.03.02,Vicerrectorado de Estrategia Académica e Internacionalización,None,None,None,None,None,None,20210620,"469.000,00",None,None,None,None
132,UPM,Universidad Politecnica de Madrid,2021,UPM-4,Capítulo 4 TRANSFERENCIAS Y SUBVENCIONES CORRIENTES,UPM-45,De Comunidades Autónomas,UPM-459,Otras subvenciones y transferencias corrientes,UPM-459.02,Otras subvenciones corrientes de la Comunidad de Madrid,None,None,UPM-25,ETS de Arquitectura,UPM-25.04.02,Vicerrectorado de Estrategia Académica e Internacionalización,None,None,None,None,None,None,20210620,"16.667,00",None,None,None,None
133,UPM,Universidad Politecnica de Madrid,2021,UPM-4,Capítulo 4 TRANSFERENCIAS Y SUBVENCIONES CORRIENTES,UPM-47,De empresa privadas,UPM-470,Transf. y subv. corrientes de empresas privadas,UPM-470.01,Subvenciones corrientes de empresas privadas,None,None,UPM-25,ETS de Arquitectura,UPM-25.05.02,Vicerrectorado de Estrategia Académica e Internacionalización,None,None,None,None,None,None,20210620,"95.000,00",None,None,None,None
134,UPM,Universidad Politecnica de Madrid,2021,UPM-4,Capítulo 4 TRANSFERENCIAS Y SUBVENCIONES CORRIENTES,UPM-49,Del exterior,UPM-499,Otras subvenciones corrientes,UPM-499.00,Otras subven. corrientes del Exterior no reintegrables,None,None,UPM-25,ETS de Arquitectura,UPM-25.05.02,Vicerrectorado de Estrategia Académica e Internacionalización,None,None,None,None,None,None,20210620,0,None,None,None,None
135,UPM,Universidad Politecnica de Madrid,2021,UPM-4,Capítulo 4 TRANSFERENCIAS Y SUBVENCIONES CORRIENTES,UPM-41,De organismos autónomos,UPM-410,Transferencias y subvenciones corrientes OOAA,UPM-410.02,Subvención Corriente programa Erasmus,None,None,UPM-25,ETS de Arquitectura,UPM-25.06.02,Vicerrectorado de Estrategia Académica e Internacionalización,None,None,None,None,None,None,20210620,"346.000,00",None,None,None,None
136,UPM,Universidad Politecnica de Madrid,2021,UPM-4,Capítulo 4 TRANSFERENCIAS Y SUBVENCIONES CORRIENTES,UPM-41,De organismos autónomos,UPM-410,Transferencias y subvenciones corrientes OOAA,UPM-410.06,Subvención Corriente programa Erasmus. Reintegrables,None,None,UPM-25,ETS de Arquitectura,UPM-25.06.02,Vicerrectorado de Estrategia Académica e Internacionalización,None,None,None,None,None,None,20210620,"4.548.000,00",None,None,None,None
137,UPM,Universidad Politecnica de Madrid,2021,UPM-4,Capítulo 4 TRANSFERENCIAS Y SUBVENCIONES CORRIENTES,UPM-47,De empresa privadas,UPM-470,Transf. y subv. corrientes de empresas privadas,UPM-470.01,Subvenciones corrientes de empresas privadas,None,None,UPM-25,ETS de Arquitectura,UPM-25.06.02,Vicerrectorado de Estrategia Académica e Internacionalización,None,None,None,None,None,None,20210620,"80.000,00",None,None,None,None
138,UPM,Universidad Politecnica de Madrid,2021,UPM-3,"Capítulo 3 TASAS, PRECIOS PÚBLICOS Y OTROS INGRESOS",UPM-31,Precios públicos ,UPM-310,Derechos de matrícula por estudios oficiales,UPM-310.00,Por estudios oficiales,None,None,UPM-30,Rectorado,None,None,None,None,None,None,None,None,20210620,"51.928.476,32",None,None,None,None
139,UPM,Universidad Politecnica de Madrid,2021,UPM-3,"Capítulo 3 TASAS, PRECIOS PÚBLICOS Y OTROS INGRESOS",UPM-31,Precios públicos ,UPM-310,Derechos de matrícula por estudios oficiales,UPM-310.01,Por cursos de doctorado,None,None,UPM-30,Rectorado,None,None,None,None,None,None,None,None,20210620,"774.200,00",None,None,None,None
140,UPM,Universidad Politecnica de Madrid,2021,UPM-3,"Capítulo 3 TASAS, PRECIOS PÚBLICOS Y OTROS INGRESOS",UPM-31,Precios públicos ,UPM-310,Derechos de matrícula por estudios oficiales,UPM-310.02,Por tesis doctorales,None,None,UPM-30,Rectorado,None,None,None,None,None,None,None,None,20210620,0,None,None,None,None
141,UPM,Universidad Politecnica de Madrid,2021,UPM-3,"Capítulo 3 TASAS, PRECIOS PÚBLICOS Y OTROS INGRESOS",UPM-31,Precios públicos ,UPM-310,Derechos de matrícula por estudios oficiales,UPM-310.03,Por selectividad y acceso,None,None,UPM-30,Rectorado,None,None,None,None,None,None,None,None,20210620,"155.854,27",None,None,None,None
142,UPM,Universidad Politecnica de Madrid,2021,UPM-3,"Capítulo 3 TASAS, PRECIOS PÚBLICOS Y OTROS INGRESOS",UPM-31,Precios públicos ,UPM-310,Derechos de matrícula por estudios oficiales,UPM-310.04,Por proyectos fin de carrera,None,None,UPM-30,Rectorado,None,None,None,None,None,None,None,None,20210620,0,None,None,None,None
143,UPM,Universidad Politecnica de Madrid,2021,UPM-3,"Capítulo 3 TASAS, PRECIOS PÚBLICOS Y OTROS INGRESOS",UPM-31,Precios públicos ,UPM-310,Derechos de matrícula por estudios oficiales,UPM-310.05,Por expedición de títulos oficiales,None,None,UPM-30,Rectorado,None,None,None,None,None,None,None,None,20210620,"1.078.000,00",None,None,None,None
144,UPM,Universidad Politecnica de Madrid,2021,UPM-3,"Capítulo 3 TASAS, PRECIOS PÚBLICOS Y OTROS INGRESOS",UPM-31,Precios públicos ,UPM-310,Derechos de matrícula por estudios oficiales,UPM-310.06,Por derechos de secretaría,None,None,UPM-30,Rectorado,None,None,None,None,None,None,None,None,20210620,"323.400,00",None,None,None,None
145,UPM,Universidad Politecnica de Madrid,2021,UPM-3,"Capítulo 3 TASAS, PRECIOS PÚBLICOS Y OTROS INGRESOS",UPM-31,Precios públicos ,UPM-310,Derechos de matrícula por estudios oficiales,UPM-310.07,Por másteres oficiales,None,None,UPM-30,Rectorado,None,None,None,None,None,None,None,None,20210620,"11.609.080,00",None,None,None,None
146,UPM,Universidad Politecnica de Madrid,2021,UPM-3,"Capítulo 3 TASAS, PRECIOS PÚBLICOS Y OTROS INGRESOS",UPM-31,Precios públicos ,UPM-310,Derechos de matrícula por estudios oficiales,UPM-310.08,Pruebas para la homologación de títulos,None,None,UPM-30,Rectorado,None,None,None,None,None,None,None,None,20210620,0,None,None,None,None
147,UPM,Universidad Politecnica de Madrid,2021,UPM-3,"Capítulo 3 TASAS, PRECIOS PÚBLICOS Y OTROS INGRESOS",UPM-31,Precios públicos ,UPM-310,Derechos de matrícula por estudios oficiales,UPM-310.09,Diversos ingresos académicos,None,None,UPM-30,Rectorado,None,None,None,None,None,None,None,None,20210620,"191.100,00",None,None,None,None
148,UPM,Universidad Politecnica de Madrid,2021,UPM-3,"Capítulo 3 TASAS, PRECIOS PÚBLICOS Y OTROS INGRESOS",UPM-31,Precios públicos ,UPM-312,"Títulos propios, másteres propios, cursos y se...",UPM-312.00,Derechos matrícula por títulos propios,None,None,UPM-30,Rectorado,None,None,None,None,None,None,None,None,20210620,0,None,None,None,None
149,UPM,Universidad Politecnica de Madrid,2021,UPM-3,"Capítulo 3 TASAS, PRECIOS PÚBLICOS Y OTROS INGRESOS",UPM-31,Precios públicos ,UPM-312,"Títulos propios, másteres propios, cursos y se...",UPM-312.02,Derechos matrícula por cursos y seminarios,None,None,UPM-30,Rectorado,None,None,None,None,None,None,None,None,20210620,0,None,None,None,None
150,UPM,Universidad Politecnica de Madrid,2021,UPM-3,"Capítulo 3 TASAS, PRECIOS PÚBLICOS Y OTROS INGRESOS",UPM-31,Precios públicos ,UPM-312,"Títulos propios, másteres propios, cursos y se...",UPM-312.03,Ingresos por expedición títulos propios,None,None,UPM-30,Rectorado,None,None,None,None,None,None,None,None,20210620,"152.844,36",None,None,None,None
151,UPM,Universidad Politecnica de Madrid,2021,UPM-3,"Capítulo 3 TASAS, PRECIOS PÚBLICOS Y OTROS INGRESOS",UPM-31,Precios públicos ,UPM-319,Otros precios públicos,UPM-319.00,Derechos a examen plazas docentes,None,None,UPM-30,Rectorado,None,None,None,None,None,None,None,None,20210620,"70.000,00",None,None,None,None
152,UPM,Universidad Politecnica de Madrid,2021,UPM-3,"Capítulo 3 TASAS, PRECIOS PÚBLICOS Y OTROS INGRESOS",UPM-31,Precios públicos ,UPM-319,Otros precios públicos,UPM-319.01,Derechos a examen oposiciones PAS,None,None,UPM-30,Rectorado,None,None,None,None,None,None,None,None,20210620,"70.000,00",None,None,None,None
153,UPM,Universidad Politecnica de Madrid,2021,UPM-3,"Capítulo 3 TASAS, PRECIOS PÚBLICOS Y OTROS INGRESOS",UPM-32,Otros ingresos por prestación de servicios,UPM-329,Otros ingresos procedentes prestaciones de ser...,UPM-329.04,Ingresos por préstamos interbibliotecarios,None,None,UPM-30,Rectorado,None,None,None,None,None,None,None,None,20210620,432,None,None,None,None
154,UPM,Universidad Politecnica de Madrid,2021,UPM-3,"Capítulo 3 TASAS, PRECIOS PÚBLICOS Y OTROS INGRESOS",UPM-32,Otros ingresos por prestación de servicios,UPM-329,Otros ingresos procedentes prestaciones de ser...,UPM-329.05,Prestación de servicios en Centros,None,None,UPM-30,Rectorado,None,None,None,None,None,None,None,None,20210620,0,None,None,None,None
155,UPM,Universidad Politecnica de Madrid,2021,UPM-3,"Capítulo 3 TASAS, PRECIOS PÚBLICOS Y OTROS INGRESOS",UPM-32,Otros ingresos por prestación de servicios,UPM-329,Otros ingresos procedentes prestaciones de ser...,UPM-329.06,Organización de congresos y otros eventos,None,None,UPM-30,Rectorado,None,None,None,None,None,None,None,None,20210620,0,None,None,None,None
156,UPM,Universidad Politecnica de Madrid,2021,UPM-3,"Capítulo 3 TASAS, PRECIOS PÚBLICOS Y OTROS INGRESOS",UPM-32,Otros ingresos por prestación de servicios,UPM-329,Otros ingresos procedentes prestaciones de ser...,None,None,None,None,UPM-30,Rectorado,None,None,None,None,None,None,None,None,20210620,0,None,None,None,None
157,UPM,Universidad Politecnica de Madrid,2021,UPM-3,"Capítulo 3 TASAS, PRECIOS PÚBLICOS Y OTROS INGRESOS",UPM-33,Venta de bienes,UPM-332,Venta fotocopias y otros productos de reprografía,UPM-332.00,Venta fotocopias y otros productos de reprografía,None,None,UPM-30,Rectorado,None,None,None,None,None,None,None,None,20210620,0,None,None,None,None
158,UPM,Universidad Politecnica de Madrid,2021,UPM-3,"Capítulo 3 TASAS, PRECIOS PÚBLICOS Y OTROS INGRESOS",UPM-33,Venta de bienes,UPM-339,Venta de otros bienes,None,None,None,None,UPM-30,Rectorado,None,None,None,None,None,None,None,None,20210620,0,None,None,None,None
159,UPM,Universidad Politecnica de Madrid,2021,UPM-3,"Capítulo 3 TASAS, PRECIOS PÚBLICOS Y OTROS INGRESOS",UPM-38,Reintegros de operaciones corrientes,UPM-380,Reintegros ejercicios cerrados,None,None,None,None,UPM-30,Rectorado,None,None,None,None,None,None,None,None,20210620,0,None,None,None,None
160,UPM,Universidad Politecnica de Madrid,2021,UPM-3,"Capítulo 3 TASAS, PRECIOS PÚBLICOS Y OTROS INGRESOS",UPM-32,Otros ingresos por prestación de servicios,UPM-329,Otros ingresos procedentes prestaciones de ser...,UPM-329.99,Otros ingresos derivados de prestación de servicios,None,None,UPM-30,Rectorado,None,None,None,None,None,None,None,None,20210620,"9.513,62",None,None,None,None
161,UPM,Universidad Politecnica de Madrid,2021,UPM-3,"Capítulo 3 TASAS, PRECIOS PÚBLICOS Y OTROS INGRESOS",UPM-38,Reintegros de operaciones corrientes,UPM-380,Reintegros ejercicios cerrados,UPM-380.00,Reintegros ejercicios cerrados,None,None,UPM-30,Rectorado,None,None,None,None,None,None,None,None,20210620,"300.000,00",None,None,None,None
162,UPM,Universidad Politecnica de Madrid,2021,UPM-3,"Capítulo 3 TASAS, PRECIOS PÚBLICOS Y OTROS INGRESOS",UPM-39,Otros ingresos,UPM-391,Ingresos por indemnizaciones,UPM-391.00,Indemnizaciones de seguros,None,None,UPM-30,Rectorado,None,None,None,None,None,None,None,None,20210620,"99.581,42",None,None,None,None
163,UPM,Universidad Politecnica de Madrid,2021,UPM-3,"Capítulo 3 TASAS, PRECIOS PÚBLICOS Y OTROS INGRESOS",UPM-39,Otros ingresos,UPM-391,Ingresos por indemnizaciones,UPM-391.01,Intereses de demora,None,None,UPM-30,Rectorado,None,None,None,None,None,None,None,None,20210620,0,None,None,None,None
164,UPM,Universidad Politecnica de Madrid,2021,UPM-3,"Capítulo 3 TASAS, PRECIOS PÚBLICOS Y OTROS INGRESOS",UPM-39,Otros ingresos,UPM-391,Ingresos por indemnizaciones,UPM-391.09,Otras indemnizaciones,None,None,UPM-30,Rectorado,None,None,None,None,None,None,None,None,20210620,"4.739,40",None,None,None,None
165,UPM,Universidad Politecnica de Madrid,2021,UPM-3,"Capítulo 3 TASAS, PRECIOS PÚBLICOS Y OTROS INGRESOS",UPM-39,Otros ingresos,UPM-399,Ingresos diversos,UPM-399.99,Otros ingresos diversos,None,None,UPM-30,Rectorado,None,None,None,None,None,None,None,None,20210620,0,None,None,None,None
166,UPM,Universidad Politecnica de Madrid,2021,UPM-4,Capítulo 4 TRANSFERENCIAS Y SUBVENCIONES CORRIENTES,UPM-41,De organismos autónomos,UPM-410,Transferencias y subvenciones corrientes OOAA,UPM-410.00,Transferencias corrientes de organismos autónomos ,None,None,UPM-30,Rectorado,None,None,None,None,None,None,None,None,20210620,0,None,None,None,None
167,UPM,Universidad Politecnica de Madrid,2021,UPM-4,Capítulo 4 TRANSFERENCIAS Y SUBVENCIONES CORRIENTES,UPM-44,De entidades públ. empr. y otras entidades del...,UPM-442,Transf. y Subv. Corrientes de otros organismos...,UPM-442.01,Subv. corrientes de otros organismos públicos,None,None,UPM-30,Rectorado,None,None,None,None,None,None,None,None,20210620,0,None,None,None,None
168,UPM,Universidad Politecnica de Madrid,2021,UPM-4,Capítulo 4 TRANSFERENCIAS Y SUBVENCIONES CORRIENTES,UPM-45,De Comunidades Autónomas,UPM-450,Transfer. y subv. corrientes de la Comunidad d...,UPM-450.00,Transferencia nominativa Comunidad de Madrid,None,None,UPM-30,Rectorado,None,None,None,None,None,None,None,None,20210620,"200.424.306,00",None,None,None,None
169,UPM,Universidad Politecnica de Madrid,2021,UPM-4,Capítulo 4 TRANSFERENCIAS Y SUBVENCIONES CORRIENTES,UPM-45,De Comunidades Autónomas,UPM-450,Transfer. y subv. corrientes de la Comunidad d...,UPM-450.02,Compensación por reducción precio matrícula Decreto 2017,None,None,UPM-30,Rectorado,None,None,None,None,None,None,None,None,20210620,0,None,None,None,None
170,UPM,Universidad Politecnica de Madrid,2021,UPM-4,Capítulo 4 TRANSFERENCIAS Y SUBVENCIONES CORRIENTES,UPM-47,De empresa privadas,UPM-470,Transf. y subv. corrientes de empresas privadas,UPM-470.00,Transferencias corrientes de empresas privadas,None,None,UPM-30,Rectorado,None,None,None,None,None,None,None,None,20210620,0,None,None,None,None
171,UPM,Universidad Politecnica de Madrid,2021,UPM-4,Capítulo 4 TRANSFERENCIAS Y SUBVENCIONES CORRIENTES,UPM-45,De Comunidades Autónomas,UPM-450,Transfer. y subv. corrientes de la Comunidad d...,UPM-450.03,Transferencias corrientes por ejecución de sentencias,None,None,UPM-30,Rectorado,None,None,None,None,None,None,None,None,20210620,0,None,None,None,None
172,UPM,Universidad Politecnica de Madrid,2021,UPM-4,Capítulo 4 TRANSFERENCIAS Y SUBVENCIONES CORRIENTES,UPM-47,De empresa privadas,UPM-470,Transf. y subv. corrientes de empresas privadas,UPM-470.01,Subvenciones corrientes de empresas privadas,None,None,UPM-30,Rectorado,None,None,None,None,None,None,None,None,20210620,"2.050.000,00",None,None,None,None
173,UPM,Universidad Politecnica de Madrid,2021,UPM-4,Capítulo 4 TRANSFERENCIAS Y SUBVENCIONES CORRIENTES,UPM-47,De empresa privadas,UPM-470,Transf. y subv. corrientes de empresas privadas,UPM-470.02,Subvenciones corrientes reintegrables de empresas privadas,None,None,UPM-30,Rectorado,None,None,None,None,None,None,None,None,20210620,"50.900,00",None,None,None,None
174,UPM,Universidad Politecnica de Madrid,2021,UPM-5,Capítulo 5 INGRESOS PATRIMONIALES,UPM-52,Intereses de depósitos,UPM-520,Intereses de cuentas bancarias,UPM-520.00,Intereses de cuentas corrientes,None,None,UPM-30,Rectorado,None,None,None,None,None,None,None,None,20210620,0,None,None,None,None
175,UPM,Universidad Politecnica de Madrid,2021,UPM-7,Capítulo 7 TRANSFERENCIAS Y SUBVENCIONES DE CAPITAL,UPM-75,Transferencias y subvenciones de capital CCAA,UPM-750,De la Comunidad de Madrid,UPM-750.00,Transferencias de capital de la CM para inversiones,None,None,UPM-30,Rectorado,None,None,None,None,None,None,None,None,20210620,"1.335.000,00",None,None,None,None
176,UPM,Universidad Politecnica de Madrid,2021,UPM-7,Capítulo 7 TRANSFERENCIAS Y SUBVENCIONES DE CAPITAL,UPM-75,Transferencias y subvenciones de capital CCAA,UPM-750,De la Comunidad de Madrid,UPM-750.03,Subvenc. de capital de la CM por ejecución de sentencias,None,None,UPM-30,Rectorado,None,None,None,None,None,None,None,None,20210620,"7.148.456,47",None,None,None,None
177,UPM,Universidad Politecnica de Madrid,2021,UPM-8,Capítulo 8 ACTIVOS FINANCIEROS,UPM-83,Reintegro préstamos concedidos fuera del Secto...,UPM-830,Reintegro préstamos al personal a corto plazo,UPM-830.01,Reintegro préstamos al personal funcionario a corto plazo,None,None,UPM-30,Rectorado,None,None,None,None,None,None,None,None,20210620,"68.958,53",None,None,None,None
178,UPM,Universidad Politecnica de Madrid,2021,UPM-8,Capítulo 8 ACTIVOS FINANCIEROS,UPM-83,Reintegro préstamos concedidos fuera del Secto...,UPM-830,Reintegro préstamos al personal a corto plazo,UPM-830.02,Reintegro préstamos al personal laboral a corto plazo,None,None,UPM-30,Rectorado,None,None,None,None,None,None,None,None,20210620,"70.723,65",None,None,None,None
179,UPM,Universidad Politecnica de Madrid,2021,UPM-3,"Capítulo 3 TASAS, PRECIOS PÚBLICOS Y OTROS INGRESOS",UPM-32,Otros ingresos por prestación de servicios,UPM-329,Otros ingresos procedentes prestaciones de ser...,UPM-329.05,Prestación de servicios en Centros,None,None,UPM-34,ETS de Arquitectura,UPM-34.07,Gtos C. ETSI Sist.Inform.-ETS de Ing. y Sist.Telec.,None,None,None,None,None,None,20210620,"120.000,00",None,None,None,None
180,UPM,Universidad Politecnica de Madrid,2021,UPM-3,"Capítulo 3 TASAS, PRECIOS PÚBLICOS Y OTROS INGRESOS",UPM-39,Otros ingresos,UPM-391,Ingresos por indemnizaciones,UPM-391.00,Indemnizaciones de seguros,None,None,UPM-34,ETS de Arquitectura,UPM-34.07,Gtos C. ETSI Sist.Inform.-ETS de Ing. y Sist.Telec.,None,None,None,None,None,None,20210620,"10.000,00",None,None,None,None
181,UPM,Universidad Politecnica de Madrid,2021,UPM-5,Capítulo 5 INGRESOS PATRIMONIALES,UPM-55,Productos de concesiones y aprov. Especiales,UPM-550,Producto de concesiones administrativas,UPM-550.00,Cesiones de locales,None,None,UPM-34,ETS de Arquitectura,UPM-34.07,Gtos C. ETSI Sist.Inform.-ETS de Ing. y Sist.Telec.,None,None,None,None,None,None,20210620,"65.000,00",None,None,None,None
182,UPM,Universidad Politecnica de Madrid,2021,UPM-5,Capítulo 5 INGRESOS PATRIMONIALES,UPM-55,Productos de concesiones y aprov. Especiales,UPM-550,Producto de concesiones administrativas,UPM-550.00,Cesiones de locales,None,None,UPM-35,ETS de Arquitectura,UPM-35.00,General Campus Montegancedo,None,None,None,None,None,None,20210620,"10.000,00",None,None,None,None
183,UPM,Universidad Politecnica de Madrid,2021,UPM-4,Capítulo 4 TRANSFERENCIAS Y SUBVENCIONES CORRIENTES,UPM-44,De entidades públ. empr. y otras entidades del...,UPM-442,Transf. y Subv. Corrientes de otros organismos...,UPM-442.01,Subv. corrientes de otros organismos públicos,None,None,UPM-35,ETS de Arquitectura,UPM-35.04,Genómica CBGP y Laboratorio cultivo de plantas,None,None,None,None,None,None,20210620,"445.898,52",None,None,None,None
184,UPM,Universidad Politecnica de Madrid,2021,UPM-5,Capítulo 5 INGRESOS PATRIMONIALES,UPM-55,Productos de concesiones y aprov. Especiales,UPM-550,Producto de concesiones administrativas,UPM-550.00,Cesiones de locales,None,None,UPM-35,ETS de Arquitectura,UPM-35.07,Centro de Empresas,None,None,None,None,None,None,20210620,"588.800,00",None,None,None,None
185,UPM,Universidad Politecnica de Madrid,2021,UPM-3,"Capítulo 3 TASAS, PRECIOS PÚBLICOS Y OTROS INGRESOS",UPM-32,Otros ingresos por prestación de servicios,UPM-329,Otros ingresos procedentes prestaciones de ser...,UPM-329.05,Prestación de servicios en Centros,None,None,UPM-36,ETS de Arquitectura,UPM-36.00,General Campus Getafe,None,None,None,None,None,None,20210620,0,None,None,None,None
186,UPM,Universidad Politecnica de Madrid,2021,UPM-5,Capítulo 5 INGRESOS PATRIMONIALES,UPM-55,Productos de concesiones y aprov. Especiales,UPM-550,Producto de concesiones administrativas,UPM-550.00,Cesiones de locales,None,None,UPM-36,ETS de Arquitectura,UPM-36.00,General Campus Getafe,None,None,None,None,None,None,20210620,0,None,None,None,None
187,UPM,Universidad Politecnica de Madrid,2021,UPM-5,Capítulo 5 INGRESOS PATRIMONIALES,UPM-55,Productos de concesiones y aprov. Especiales,UPM-550,Producto de concesiones administrativas,UPM-550.00,Cesiones de locales,None,None,UPM-36,ETS de Arquitectura,UPM-36.01,Laboratorios de Materiales Avanzados y Ensayo Fluidomecánicos,None,None,None,None,None,None,20210620,"70.000,00",None,None,None,None
188,UPM,Universidad Politecnica de Madrid,2021,UPM-5,Capítulo 5 INGRESOS PATRIMONIALES,UPM-55,Productos de concesiones y aprov. Especiales,UPM-550,Producto de concesiones administrativas,UPM-550.00,Cesiones de locales,None,None,UPM-36,ETS de Arquitectura,UPM-36.02,LOM,None,None,None,None,None,None,20210620,"25.200,00",None,None,None,None
189,UPM,Universidad Politecnica de Madrid,2021,UPM-5,Capítulo 5 INGRESOS PATRIMONIALES,UPM-55,Productos de concesiones y aprov. Especiales,UPM-550,Producto de concesiones administrativas,UPM-550.00,Cesiones de locales,None,None,UPM-36,ETS de Arquitectura,UPM-36.03,Laboratorio Oficial de Ensayos de Materiales de Construcción (LOEMCO),None,None,None,None,None,None,20210620,"76.000,00",None,None,None,None
190,UPM,Universidad Politecnica de Madrid,2021,UPM-5,Capítulo 5 INGRESOS PATRIMONIALES,UPM-55,Productos de concesiones y aprov. Especiales,UPM-550,Producto de concesiones administrativas,UPM-550.00,Cesiones de locales,None,None,UPM-36,ETS de Arquitectura,UPM-36.04,FGP,None,None,None,None,None,None,20210620,"20.000,00",None,None,None,None
191,UPM,Universidad Politecnica de Madrid,2021,UPM-5,Capítulo 5 INGRESOS PATRIMONIALES,UPM-55,Productos de concesiones y aprov. Especiales,UPM-550,Producto de concesiones administrativas,UPM-550.00,Cesiones de locales,None,None,UPM-36,ETS de Arquitectura,UPM-36.06,"Laboratorios de Baja Tensión, Vehículos y Alta Tensión",None,None,None,None,None,None,20210620,"210.000,00",None,None,None,None
192,UPM,Universidad Politecnica de Madrid,2021,UPM-4,Capítulo 4 TRANSFERENCIAS Y SUBVENCIONES CORRIENTES,UPM-45,De Comunidades Autónomas,UPM-459,Otras subvenciones y transferencias corrientes,UPM-459.01,Transferencias corrientes para el Consejo Social,None,None,UPM-38,Consejo Social,None,None,None,None,None,None,None,None,20210620,"168.867,00",None,None,None,None
193,UPM,Universidad Politecnica de Madrid,2021,UPM-3,"Capítulo 3 TASAS, PRECIOS PÚBLICOS Y OTROS INGRESOS",UPM-32,Otros ingresos por prestación de servicios,UPM-329,Otros ingresos procedentes prestaciones de ser...,UPM-329.00,Cánones art. 83 LOU,None,None,UPM-54,ETS de Edificación,None,None,None,None,None,None,None,None,20210620,"12.000,00",None,None,None,None
194,UPM,Universidad Politecnica de Madrid,2021,UPM-3,"Capítulo 3 TASAS, PRECIOS PÚBLICOS Y OTROS INGRESOS",UPM-32,Otros ingresos por prestación de servicios,UPM-329,Otros ingresos procedentes prestaciones de ser...,UPM-329.05,Prestación de servicios en Centros,None,None,UPM-54,ETS de Edificación,None,None,None,None,None,None,None,None,20210620,"2.500,00",None,None,None,None
195,UPM,Universidad Politecnica de Madrid,2021,UPM-3,"Capítulo 3 TASAS, PRECIOS PÚBLICOS Y OTROS INGRESOS",UPM-33,Venta de bienes,UPM-332,Venta fotocopias y otros productos de reprografía,UPM-332.00,Venta fotocopias y otros productos de reprografía,None,None,UPM-54,ETS de Edificación,None,None,None,None,None,None,None,None,20210620,0,None,None,None,None
196,UPM,Universidad Politecnica de Madrid,2021,UPM-3,"Capítulo 3 TASAS, PRECIOS PÚBLICOS Y OTROS INGRESOS",UPM-39,Otros ingresos,UPM-391,Ingresos por indemnizaciones,UPM-391.00,Indemnizaciones de seguros,None,None,UPM-54,ETS de Edificación,None,None,None,None,None,None,None,None,20210620,"2.000,00",None,None,None,None
197,UPM,Universidad Politecnica de Madrid,2021,UPM-3,"Capítulo 3 TASAS, PRECIOS PÚBLICOS Y OTROS INGRESOS",UPM-39,Otros ingresos,UPM-399,Ingresos diversos,UPM-399.99,Otros ingresos diversos,None,None,UPM-54,ETS de Edificación,None,None,None,None,None,None,None,None,20210620,"1.500,00",None,None,None,None
198,UPM,Universidad Politecnica de Madrid,2021,UPM-5,Capítulo 5 INGRESOS PATRIMONIALES,UPM-55,Productos de concesiones y aprov. Especiales,UPM-550,Producto de concesiones administrativas,UPM-550.00,Cesiones de locales,None,None,UPM-54,ETS de Edificación,None,None,None,None,None,None,None,None,20210620,"7.500,00",None,None,None,None
199,UPM,Universidad Politecnica de Madrid,2021,UPM-3,"Capítulo 3 TASAS, PRECIOS PÚBLICOS Y OTROS INGRESOS",UPM-32,Otros ingresos por prestación de servicios,UPM-329,Otros ingresos procedentes prestaciones de ser...,UPM-329.00,Cánones art. 83 LOU,None,None,UPM-56,ETS de Ingeniería y Diseño Industrial,None,None,None,None,None,None,None,None,20210620,"40.000,00",None,None,None,None
200,UPM,Universidad Politecnica de Madrid,2021,UPM-3,"Capítulo 3 TASAS, PRECIOS PÚBLICOS Y OTROS INGRESOS",UPM-32,Otros ingresos por prestación de servicios,UPM-329,Otros ingresos procedentes prestaciones de ser...,UPM-329.05,Prestación de servicios en Centros,None,None,UPM-56,ETS de Ingeniería y Diseño Industrial,None,None,None,None,None,None,None,None,20210620,"8.000,00",None,None,None,None
201,UPM,Universidad Politecnica de Madrid,2021,UPM-5,Capítulo 5 INGRESOS PATRIMONIALES,UPM-55,Productos de concesiones y aprov. Especiales,UPM-550,Producto de concesiones administrativas,UPM-550.00,Cesiones de locales,None,None,UPM-56,ETS de Ingeniería y Diseño Industrial,None,None,None,None,None,None,None,None,20210620,"2.000,00",None,None,None,None
202,UPM,Universidad Politecnica de Madrid,2021,UPM-5,Capítulo 5 INGRESOS PATRIMONIALES,UPM-55,Productos de concesiones y aprov. Especiales,UPM-550,Producto de concesiones administrativas,UPM-550.02,Cesiones de taquillas y azoteas y otras concesiones,None,None,UPM-56,ETS de Ingeniería y Diseño Industrial,None,None,None,None,None,None,None,None,20210620,"24.000,00",None,None,None,None
203,UPM,Universidad Politecnica de Madrid,2021,UPM-3,"Capítulo 3 TASAS, PRECIOS PÚBLICOS Y OTROS INGRESOS",UPM-31,Precios públicos ,UPM-314,Otros precios públicos por cursos y seminarios,UPM-314.00,Otros precios públicos por cursos y seminarios,None,None,UPM-58,ETS de Ingeniería Civil,None,None,None,None,None,None,None,None,20210620,"10.000,00",None,None,None,None
204,UPM,Universidad Politecnica de Madrid,2021,UPM-3,"Capítulo 3 TASAS, PRECIOS PÚBLICOS Y OTROS INGRESOS",UPM-32,Otros ingresos por prestación de servicios,UPM-329,Otros ingresos procedentes prestaciones de ser...,UPM-329.00,Cánones art. 83 LOU,None,None,UPM-58,ETS de Ingeniería Civil,None,None,None,None,None,None,None,None,20210620,"15.000,00",None,None,None,None
205,UPM,Universidad Politecnica de Madrid,2021,UPM-3,"Capítulo 3 TASAS, PRECIOS PÚBLICOS Y OTROS INGRESOS",UPM-32,Otros ingresos por prestación de servicios,UPM-329,Otros ingresos procedentes prestaciones de ser...,UPM-329.05,Prestación de servicios en Centros,None,None,UPM-58,ETS de Ingeniería Civil,None,None,None,None,None,None,None,None,20210620,"15.000,00",None,None,None,None
206,UPM,Universidad Politecnica de Madrid,2021,UPM-3,"Capítulo 3 TASAS, PRECIOS PÚBLICOS Y OTROS INGRESOS",UPM-39,Otros ingresos,UPM-391,Ingresos por indemnizaciones,UPM-391.00,Indemnizaciones de seguros,None,None,UPM-58,ETS de Ingeniería Civil,None,None,None,None,None,None,None,None,20210620,"15.000,00",None,None,None,None
207,UPM,Universidad Politecnica de Madrid,2021,UPM-5,Capítulo 5 INGRESOS PATRIMONIALES,UPM-55,Productos de concesiones y aprov. Especiales,UPM-550,Producto de concesiones administrativas,UPM-550.00,Cesiones de locales,None,None,UPM-58,ETS de Ingeniería Civil,None,None,None,None,None,None,None,None,20210620,"20.000,00",None,None,None,None
208,UPM,Universidad Politecnica de Madrid,2021,UPM-3,"Capítulo 3 TASAS, PRECIOS PÚBLICOS Y OTROS INGRESOS",UPM-32,Otros ingresos por prestación de servicios,UPM-329,Otros ingresos procedentes prestaciones de ser...,UPM-329.00,Cánones art. 83 LOU,None,None,UPM-58,ETS de Arquitectura,UPM-58.X1,"Ing.:Construcción, Infraestructura y Transporte",None,None,None,None,None,None,20210620,0,None,None,None,None
209,UPM,Universidad Politecnica de Madrid,2021,UPM-3,"Capítulo 3 TASAS, PRECIOS PÚBLICOS Y OTROS INGRESOS",UPM-32,Otros ingresos por prestación de servicios,UPM-329,Otros ingresos procedentes prestaciones de ser...,UPM-329.00,Cánones art. 83 LOU,None,None,UPM-59,ETS de Ingeniería y Sist. de Telecomunicación,None,None,None,None,None,None,None,None,20210620,"50.000,00",None,None,None,None
210,UPM,Universidad Politecnica de Madrid,2021,UPM-3,"Capítulo 3 TASAS, PRECIOS PÚBLICOS Y OTROS INGRESOS",UPM-32,Otros ingresos por prestación de servicios,UPM-329,Otros ingresos procedentes prestaciones de ser...,UPM-329.05,Prestación de servicios en Centros,None,None,UPM-59,ETS de Ingeniería y Sist. de Telecomunicación,None,None,None,None,None,None,None,None,20210620,"5.000,00",None,None,None,None
211,UPM,Universidad Politecnica de Madrid,2021,UPM-3,"Capítulo 3 TASAS, PRECIOS PÚBLICOS Y OTROS INGRESOS",UPM-39,Otros ingresos,UPM-391,Ingresos por indemnizaciones,UPM-391.00,Indemnizaciones de seguros,None,None,UPM-59,ETS de Ingeniería y Sist. de Telecomunicación,None,None,None,None,None,None,None,None,20210620,"10.000,00",None,None,None,None
212,UPM,Universidad Politecnica de Madrid,2021,UPM-5,Capítulo 5 INGRESOS PATRIMONIALES,UPM-55,Productos de concesiones y aprov. Especiales,UPM-550,Producto de concesiones administrativas,UPM-550.00,Cesiones de locales,None,None,UPM-59,ETS de Ingeniería y Sist. de Telecomunicación,None,None,None,None,None,None,None,None,20210620,"32.000,00",None,None,None,None
213,UPM,Universidad Politecnica de Madrid,2021,UPM-5,Capítulo 5 INGRESOS PATRIMONIALES,UPM-55,Productos de concesiones y aprov. Especiales,UPM-550,Producto de concesiones administrativas,UPM-550.02,Cesiones de taquillas y azoteas y otras concesiones,None,None,UPM-59,ETS de Ingeniería y Sist. de Telecomunicación,None,None,None,None,None,None,None,None,20210620,"3.000,00",None,None,None,None
214,UPM,Universidad Politecnica de Madrid,2021,UPM-3,"Capítulo 3 TASAS, PRECIOS PÚBLICOS Y OTROS INGRESOS",UPM-32,Otros ingresos por prestación de servicios,UPM-329,Otros ingresos procedentes prestaciones de ser...,UPM-329.00,Cánones art. 83 LOU,None,None,UPM-59,ETS de Arquitectura,UPM-59.X1,Ingeniería Telemática y Electrónica,None,None,None,None,None,None,20210620,0,None,None,None,None
215,UPM,Universidad Politecnica de Madrid,2021,UPM-3,"Capítulo 3 TASAS, PRECIOS PÚBLICOS Y OTROS INGRESOS",UPM-32,Otros ingresos por prestación de servicios,UPM-329,Otros ingresos procedentes prestaciones de ser...,UPM-329.00,Cánones art. 83 LOU,None,None,UPM-60,"ETSI Topografía, Geodesia y Cartografía",None,None,None,None,None,None,None,None,20210620,"18.000,00",None,None,None,None
216,UPM,Universidad Politecnica de Madrid,2021,UPM-3,"Capítulo 3 TASAS, PRECIOS PÚBLICOS Y OTROS INGRESOS",UPM-32,Otros ingresos por prestación de servicios,UPM-329,Otros ingresos procedentes prestaciones de ser...,UPM-329.05,Prestación de servicios en Centros,None,None,UPM-60,"ETSI Topografía, Geodesia y Cartografía",None,None,None,None,None,None,None,None,20210620,"10.900,00",None,None,None,None
217,UPM,Universidad Politecnica de Madrid,2021,UPM-3,"Capítulo 3 TASAS, PRECIOS PÚBLICOS Y OTROS INGRESOS",UPM-32,Otros ingresos por prestación de servicios,UPM-329,Otros ingresos procedentes prestaciones de ser...,UPM-329.06,Organización de congresos y otros eventos,None,None,UPM-60,"ETSI Topografía, Geodesia y Cartografía",None,None,None,None,None,None,None,None,20210620,"3.220,00",None,None,None,None
218,UPM,Universidad Politecnica de Madrid,2021,UPM-3,"Capítulo 3 TASAS, PRECIOS PÚBLICOS Y OTROS INGRESOS",UPM-39,Otros ingresos,UPM-391,Ingresos por indemnizaciones,UPM-391.00,Indemnizaciones de seguros,None,None,UPM-60,"ETSI Topografía, Geodesia y Cartografía",None,None,None,None,None,None,None,None,20210620,"3.000,00",None,None,None,None
219,UPM,Universidad Politecnica de Madrid,2021,UPM-5,Capítulo 5 INGRESOS PATRIMONIALES,UPM-55,Productos de concesiones y aprov. Especiales,UPM-550,Producto de concesiones administrativas,UPM-550.00,Cesiones de locales,None,None,UPM-60,"ETSI Topografía, Geodesia y Cartografía",None,None,None,None,None,None,None,None,20210620,"10.000,00",None,None,None,None
220,UPM,Universidad Politecnica de Madrid,2021,UPM-3,"Capítulo 3 TASAS, PRECIOS PÚBLICOS Y OTROS INGRESOS",UPM-32,Otros ingresos por prestación de servicios,UPM-329,Otros ingresos procedentes prestaciones de ser...,UPM-329.00,Cánones art. 83 LOU,None,None,UPM-60,ETS de Arquitectura,UPM-60.X1,Ingeniería Topográfica y Cartografía,None,None,None,None,None,None,20210620,"78,44",None,None,None,None
221,UPM,Universidad Politecnica de Madrid,2021,UPM-3,"Capítulo 3 TASAS, PRECIOS PÚBLICOS Y OTROS INGRESOS",UPM-32,Otros ingresos por prestación de servicios,UPM-329,Otros ingresos procedentes prestaciones de ser...,UPM-329.00,Cánones art. 83 LOU,None,None,UPM-61,ETSI Sistemas Informáticos,None,None,None,None,None,None,None,None,20210620,"45.000,00",None,None,None,None
222,UPM,Universidad Politecnica de Madrid,2021,UPM-3,"Capítulo 3 TASAS, PRECIOS PÚBLICOS Y OTROS INGRESOS",UPM-32,Otros ingresos por prestación de servicios,UPM-329,Otros ingresos procedentes prestaciones de ser...,UPM-329.05,Prestación de servicios en Centros,None,None,UPM-61,ETSI Sistemas Informáticos,None,None,None,None,None,None,None,None,20210620,0,None,None,None,None
223,UPM,Universidad Politecnica de Madrid,2021,UPM-3,"Capítulo 3 TASAS, PRECIOS PÚBLICOS Y OTROS INGRESOS",UPM-39,Otros ingresos,UPM-391,Ingresos por indemnizaciones,UPM-391.00,Indemnizaciones de seguros,None,None,UPM-61,ETSI Sistemas Informáticos,None,None,None,None,None,None,None,None,20210620,"18.000,00",None,None,None,None
224,UPM,Universidad Politecnica de Madrid,2021,UPM-5,Capítulo 5 INGRESOS PATRIMONIALES,UPM-55,Productos de concesiones y aprov. Especiales,UPM-550,Producto de concesiones administrativas,UPM-550.00,Cesiones de locales,None,None,UPM-61,ETSI Sistemas Informáticos,None,None,None,None,None,None,None,None,20210620,"48.000,00",None,None,None,None
225,UPM,Universidad Politecnica de Madrid,2021,UPM-3,"Capítulo 3 TASAS, PRECIOS PÚBLICOS Y OTROS INGRESOS",UPM-32,Otros ingresos por prestación de servicios,UPM-329,Otros ingresos procedentes prestaciones de ser...,UPM-329.00,Cánones art. 83 LOU,None,None,UPM-91,I.C.E.,None,None,None,None,None,None,None,None,20210620,"9.000,00",None,None,None,None
226,UPM,Universidad Politecnica de Madrid,2021,UPM-3,"Capítulo 3 TASAS, PRECIOS PÚBLICOS Y OTROS INGRESOS",UPM-39,Otros ingresos,UPM-391,Ingresos por indemnizaciones,UPM-391.00,Indemnizaciones de seguros,None,None,UPM-91,I.C.E.,None,None,None,None,None,None,None,None,20210620,0,None,None,None,None
227,UPM,Universidad Politecnica de Madrid,2021,UPM-3,"Capítulo 3 TASAS, PRECIOS PÚBLICOS Y OTROS INGRESOS",UPM-31,Precios públicos ,UPM-310,Derechos de matrícula por estudios oficiales,UPM-310.03,Por selectividad y acceso,None,None,UPM-93,Fac. de Ciencias de la Activ. Física y del Deporte,None,None,None,None,None,None,None,None,20210620,"75.000,00",None,None,None,None
228,UPM,Universidad Politecnica de Madrid,2021,UPM-3,"Capítulo 3 TASAS, PRECIOS PÚBLICOS Y OTROS INGRESOS",UPM-32,Otros ingresos por prestación de servicios,UPM-329,Otros ingresos procedentes prestaciones de ser...,UPM-329.00,Cánones art. 83 LOU,None,None,UPM-93,Fac. de Ciencias de la Activ. Física y del Deporte,None,None,None,None,None,None,None,None,20210620,"70.000,00",None,None,None,None
229,UPM,Universidad Politecnica de Madrid,2021,UPM-3,"Capítulo 3 TASAS, PRECIOS PÚBLICOS Y OTROS INGRESOS",UPM-32,Otros ingresos por prestación de servicios,UPM-329,Otros ingresos procedentes prestaciones de ser...,UPM-329.05,Prestación de servicios en Centros,None,None,UPM-93,Fac. de Ciencias de la Activ. Física y del Deporte,None,None,None,None,None,None,None,None,20210620,"48.500,00",None,None,None,None
230,UPM,Universidad Politecnica de Madrid,2021,UPM-3,"Capítulo 3 TASAS, PRECIOS PÚBLICOS Y OTROS INGRESOS",UPM-33,Venta de bienes,UPM-332,Venta fotocopias y otros productos de reprografía,UPM-332.00,Venta fotocopias y otros productos de reprografía,None,None,UPM-93,Fac. de Ciencias de la Activ. Física y del Deporte,None,None,None,None,None,None,None,None,20210620,"8.000,00",None,None,None,None
231,UPM,Universidad Politecnica de Madrid,2021,UPM-3,"Capítulo 3 TASAS, PRECIOS PÚBLICOS Y OTROS INGRESOS",UPM-33,Venta de bienes,UPM-335,Venta material de desecho,None,None,None,None,UPM-93,Fac. de Ciencias de la Activ. Física y del Deporte,None,None,None,None,None,None,None,None,20210620,"5.000,00",None,None,None,None
232,UPM,Universidad Politecnica de Madrid,2021,UPM-3,"Capítulo 3 TASAS, PRECIOS PÚBLICOS Y OTROS INGRESOS",UPM-39,Otros ingresos,UPM-391,Ingresos por indemnizaciones,UPM-391.00,Indemnizaciones de seguros,None,None,UPM-93,Fac. de Ciencias de la Activ. Física y del Deporte,None,None,None,None,None,None,None,None,20210620,"15.000,00",None,None,None,None
233,UPM,Universidad Politecnica de Madrid,2021,UPM-5,Capítulo 5 INGRESOS PATRIMONIALES,UPM-55,Productos de concesiones y aprov. Especiales,UPM-550,Producto de concesiones administrativas,UPM-550.00,Cesiones de locales,None,None,UPM-93,Fac. de Ciencias de la Activ. Física y del Deporte,None,None,None,None,None,None,None,None,20210620,"30.000,00",None,None,None,None
234,UPM,Universidad Politecnica de Madrid,2021,UPM-3,"Capítulo 3 TASAS, PRECIOS PÚBLICOS Y OTROS INGRESOS",UPM-32,Otros ingresos por prestación de servicios,UPM-329,Otros ingresos procedentes prestaciones de ser...,UPM-329.00,Cánones art. 83 LOU,None,None,UPM-93,ETS de Arquitectura,UPM-93.X1,Ciencias Sociales de la Actividad Física,None,None,None,None,None,None,20210620,"4.649,35",None,None,None,None
235,UPM,Universidad Politecnica de Madrid,2021,UPM-3,"Capítulo 3 TASAS, PRECIOS PÚBLICOS Y OTROS INGRESOS",UPM-32,Otros ingresos por prestación de servicios,UPM-329,Otros ingresos procedentes prestaciones de ser...,UPM-329.00,Cánones art. 83 LOU,None,None,UPM-93,ETS de Arquitectura,UPM-93.X2,Deportes,None,None,None,None,None,None,20210620,"3.000,00",None,None,None,None
236,UPM,Universidad Politecnica de Madrid,2021,UPM-3,"Capítulo 3 TASAS, PRECIOS PÚBLICOS Y OTROS INGRESOS",UPM-32,Otros ingresos por prestación de servicios,UPM-329,Otros ingresos procedentes prestaciones de ser...,UPM-329.00,Cánones art. 83 LOU,None,None,UPM-93,ETS de Arquitectura,UPM-93.X3,Salud y Rendimiento Humano,None,None,None,None,None,None,20210620,"12.000,00",None,None,None,None
237,UPM,Universidad Politecnica de Madrid,2021,UPM-8,Capítulo 8 ACTIVOS FINANCIEROS,UPM-87,Remanente Tesorería,UPM-870,Remanente Tesorería,UPM-870.00,Remanente Tesorería,None,None,UPM-99,Remanente de Tesorería,None,None,None,None,None,None,None,None,20210620,"5.925.275,14",None,None,None,None
238,UPM,Universidad Politecnica de Madrid,2021,UPM-8,Capítulo 8 ACTIVOS FINANCIEROS,UPM-87,Remanente Tesorería,UPM-870,Remanente Tesorería,UPM-870.01,Remanente Tesorería afectado,None,None,UPM-99,Remanente de Tesorería Afectado,None,None,None,None,None,None,None,None,20210620,"16.197.633,76",None,None,None,None
